Solly Pott,Solly,Pott,spottj@sun.com,Male,247.132.100.64
Jaimie Thirwell,Jaimie,Thirwell,jthirwellk@cam.ac.uk,Male,183.117.134.75
Bev Kilbride,Bev,Kilbride,bkilbridel@blogspot.com,Female,68.129.249.252
Wernher Outright,Wernher,Outright,woutrightm@sfgate.com,Male,193.118.18.223
Shawn Abramov,Shawn,Abramov,sabramovn@sfgate.com,Female,231.10.20.118
Hephzibah Kirman,Hephzibah,Kirman,hkirmano@nih.gov,Female,246.103.201.123
Garvy Dinkin,Garvy,Dinkin,gdinkinp@utexas.edu,Male,105.193.139.197
Priscella Le Jean,Priscella,Le Jean,pleq@sbwire.com,Female,126.62.179.97
Jefferson Booler,Jefferson,Booler,jboolerr@statcounter.com,Male,98.223.196.203
Cordie Eakins,Cordie,Eakins,ceakinss@yellowpages.com,Male,120.82.179.146
Sharleen Atwel,Sharleen,Atwel,satwelt@photobucket.com,Female,34.228.35.105
Tammara Senechault,Tammara,Senechault,tsenechaultu@weebly.com,Female,101.35.193.16
Ranna Reijmers,Ranna,Reijmers,rreijmersv@businesswire.com,Female,193.200.73.116
Alena Land,Alena,Land,alandw@mysql.com,Female,235.127.50.56
Alfonso Haxell,Alfonso,Haxell,ahaxellx@hugedomains.com,Male,9.218.197.147
Claudian Abrashkin,Claudian,Abrashkin,cabrashkiny@latimes.com,Male,184.84.9.238
Silvano Essery,Silvano,Essery,sesseryz@biglobe.ne.jp,Male,251.184.70.113
Waylan Darinton,Waylan,Darinton,wdarinton10@paypal.com,Male,38.201.155.31
Prince Tomeo,Prince,Tomeo,ptomeo11@amazon.co.jp,Male,102.68.60.172
Zebulon O'Cannovane,Zebulon,O'Cannovane,zocannovane12@webs.com,Male,5.178.117.177
Cedric Algore,Cedric,Algore,calgore13@cloudflare.com,Male,202.235.172.89
Tamara Pirt,Tamara,Pirt,tpirt14@technorati.com,Female,153.157.70.107
Gawen Grimbaldeston,Gawen,Grimbaldeston,ggrimbaldeston15@topsy.com,Male,214.18.18.128
Erda Macellar,Erda,Macellar,emacellar16@sourceforge.net,Female,223.56.132.70
Joshia Wilkisson,Joshia,Wilkisson,jwilkisson17@yahoo.com,Male,93.135.159.34
Matty Lavarack,Matty,Lavarack,mlavarack18@symantec.com,Male,168.128.100.18
Jada Pedden,Jada,Pedden,jpedden19@g.co,Female,101.234.20.53
Vinnie Thomann,Vinnie,Thomann,vthomann1a@imdb.com,Male,225.243.229.36
Isobel Billborough,Isobel,Billborough,ibillborough1b@dell.com,Female,108.237.63.182
Kiley Laxe,Kiley,Laxe,klaxe1c@nhs.uk,Male,49.208.103.72
Enoch Orrey,Enoch,Orrey,eorrey1d@yolasite.com,Male,52.249.181.240
Shalne Keveren,Shalne,Keveren,skeveren1e@prlog.org,Female,63.245.166.197
Felic Lorden,Felic,Lorden,florden1f@eventbrite.com,Male,26.79.226.217
Gran Boyton,Gran,Boyton,gboyton1g@privacy.gov.au,Male,128.37.165.215
Tamara Bosket,Tamara,Bosket,tbosket1h@jalbum.net,Female,113.127.190.209
Thurstan Clitsome,Thurstan,Clitsome,tclitsome1i@github.io,Male,233.215.129.123
Olivia Dowse,Olivia,Dowse,odowse1j@uiuc.edu,Female,69.209.91.81
Darren Manketell,Darren,Manketell,dmanketell1k@youtube.com,Male,178.22.212.245
Seamus Garrit,Seamus,Garrit,sgarrit1l@infoseek.co.jp,Male,71.35.16.211
Launce Fontaine,Launce,Fontaine,lfontaine1m@twitter.com,Male,229.65.176.17
Lanna Berge,Lanna,Berge,lberge1n@google.es,Female,158.57.143.137
Davie Mapis,Davie,Mapis,dmapis1o@blogs.com,Male,187.29.94.32
Dosi Bencher,Dosi,Bencher,dbencher1p@ox.ac.uk,Female,32.100.40.178
Field Larchier,Field,Larchier,flarchier1q@amazon.com,Male,170.1.163.99
Gayle Bumpass,Gayle,Bumpass,gbumpass1r@wikipedia.org,Male,42.203.9.1
Jordan Gentreau,Jordan,Gentreau,jgentreau1s@amazon.co.uk,Male,129.205.29.124
Em Cunnah,Em,Cunnah,ecunnah1t@themeforest.net,Male,163.243.65.88
Benedikta Frank,Benedikta,Frank,bfrank1u@sakura.ne.jp,Female,168.169.132.49
Haily Merrien,Haily,Merrien,hmerrien1v@telegraph.co.uk,Male,127.85.81.124
Tate MacCole,Tate,MacCole,tmaccole1w@google.nl,Male,2.145.227.149
Lorri Holde,Lorri,Holde,lholde1x@networkadvertising.org,Female,233.149.201.174
Jewel Breeder,Jewel,Breeder,jbreeder1y@imdb.com,Female,216.239.95.213
Glen Honeyghan,Glen,Honeyghan,ghoneyghan1z@yellowpages.com,Female,114.197.184.39
Jon Humbatch,Jon,Humbatch,jhumbatch20@uol.com.br,Male,139.11.23.88
Chevalier McNickle,Chevalier,McNickle,cmcnickle21@ed.gov,Male,80.243.196.209
Sibilla Feldbaum,Sibilla,Feldbaum,sfeldbaum22@statcounter.com,Female,13.179.186.196
Oberon Fausch,Oberon,Fausch,ofausch23@ycombinator.com,Male,196.160.236.184
Tedmund Ullyott,Tedmund,Ullyott,tullyott24@cpanel.net,Male,243.91.19.152
Dallon Bettenay,Dallon,Bettenay,dbettenay25@noaa.gov,Male,244.122.28.77
Wallie Lindborg,Wallie,Lindborg,wlindborg26@mozilla.com,Female,223.84.5.7
Arabella Leiden,Arabella,Leiden,aleiden27@last.fm,Female,79.153.77.211
Beauregard Winch,Beauregard,Winch,bwinch28@ehow.com,Male,157.202.60.191
Wood Stellin,Wood,Stellin,wstellin29@pcworld.com,Male,173.237.112.244
Lila Fedorchenko,Lila,Fedorchenko,lfedorchenko2a@oakley.com,Female,246.203.11.85
Cindelyn Edgeler,Cindelyn,Edgeler,cedgeler2b@mediafire.com,Female,148.149.217.172
Hanny Brickham,Hanny,Brickham,hbrickham2c@indiatimes.com,Female,167.227.114.188
Glenine Weedall,Glenine,Weedall,gweedall2d@networkadvertising.org,Female,169.105.145.16
Tab Keynd,Tab,Keynd,tkeynd2e@spotify.com,Male,80.212.67.48
Lurline Erett,Lurline,Erett,lerett2f@buzzfeed.com,Female,106.182.87.224
Noel Dahlgren,Noel,Dahlgren,ndahlgren2g@sfgate.com,Female,201.22.15.122
Hunt Jenkerson,Hunt,Jenkerson,hjenkerson2h@photobucket.com,Male,220.106.218.34
Angelita Scarrisbrick,Angelita,Scarrisbrick,ascarrisbrick2i@wiley.com,Female,31.119.252.171
Menard Trusler,Menard,Trusler,mtrusler2j@scientificamerican.com,Male,217.223.143.25
Eveleen Gatehouse,Eveleen,Gatehouse,egatehouse2k@dailymail.co.uk,Female,182.1.46.47
Electra Bothbie,Electra,Bothbie,ebothbie2l@washington.edu,Female,58.159.199.96
Ora Joules,Ora,Joules,ojoules2m@sina.com.cn,Female,121.197.205.140
Zollie Adamo,Zollie,Adamo,zadamo2n@disqus.com,Male,95.42.67.115
Cornall Shackesby,Cornall,Shackesby,cshackesby2o@diigo.com,Male,165.22.185.3
Shermy Blofeld,Shermy,Blofeld,sblofeld2p@jalbum.net,Male,10.39.189.115
Peyton Lanahan,Peyton,Lanahan,planahan2q@mapquest.com,Male,230.199.156.195
Devin Noonan,Devin,Noonan,dnoonan2r@bigcartel.com,Female,22.221.143.5
Theodosia Tomlins,Theodosia,Tomlins,ttomlins2s@go.com,Female,180.82.23.146
Dacia MacLoughlin,Dacia,MacLoughlin,dmacloughlin2t@shareasale.com,Female,221.91.157.89
Desmund Edwicker,Desmund,Edwicker,dedwicker2u@ftc.gov,Male,62.18.45.194
Cindie Harman,Cindie,Harman,charman2v@europa.eu,Female,185.49.105.161
Lovell Skally,Lovell,Skally,lskally2w@state.gov,Male,137.138.50.17
Cari Sighard,Cari,Sighard,csighard2x@amazonaws.com,Female,152.223.255.183
Rakel Brim,Rakel,Brim,rbrim2y@liveinternet.ru,Female,35.221.170.175
Irv Darragh,Irv,Darragh,idarragh2z@nps.gov,Male,187.101.219.119
Lydon Micheau,Lydon,Micheau,lmicheau30@prlog.org,Male,101.91.42.248
Tuckie Klimontovich,Tuckie,Klimontovich,tklimontovich31@booking.com,Male,250.83.134.238
Celle Rozet,Celle,Rozet,crozet32@theguardian.com,Female,123.45.130.95
Craggie Asson,Craggie,Asson,casson33@w3.org,Male,196.201.113.190
Felicio Granleese,Felicio,Granleese,fgranleese34@seattletimes.com,Male,13.236.241.43
Annmarie Henrion,Annmarie,Henrion,ahenrion35@wordpress.com,Female,150.119.230.157
Kaitlynn Maddrah,Kaitlynn,Maddrah,kmaddrah36@ehow.com,Female,133.21.14.255
Remy Slingsby,Remy,Slingsby,rslingsby37@woothemes.com,Female,109.156.136.85
Di Augar,Di,Augar,daugar38@is.gd,Female,249.87.121.189
Mab Rainard,Mab,Rainard,mrainard39@newsvine.com,Female,25.150.228.107
Maximilian Meharry,Maximilian,Meharry,mmeharry3a@uol.com.br,Male,230.3.115.239
Muffin Musk,Muffin,Musk,mmusk3b@ft.com,Male,205.210.30.66
Gino Pavlovic,Gino,Pavlovic,gpavlovic3c@taobao.com,Male,46.199.127.167
Rick Milsap,Rick,Milsap,rmilsap3d@stanford.edu,Male,50.156.219.208
Mel Wyburn,Mel,Wyburn,mwyburn3e@list-manage.com,Male,61.87.202.117
Nora Grinter,Nora,Grinter,ngrinter3f@google.ca,Female,117.94.211.67
Morrie Rutt,Morrie,Rutt,mrutt3g@phpbb.com,Male,200.88.72.155
Chancey Coyle,Chancey,Coyle,ccoyle3h@berkeley.edu,Male,153.130.92.124
Tymon Dearden,Tymon,Dearden,tdearden3i@diigo.com,Male,178.54.154.46
Kerry Teanby,Kerry,Teanby,kteanby3j@list-manage.com,Male,31.67.110.170
Aaron Chessum,Aaron,Chessum,achessum3k@disqus.com,Male,194.98.33.247
Radcliffe Allon,Radcliffe,Allon,rallon3l@shutterfly.com,Male,51.135.53.9
Bart Clifford,Bart,Clifford,bclifford3m@tripod.com,Male,81.98.112.59
Indira Newnham,Indira,Newnham,inewnham3n@paypal.com,Female,223.174.167.128
Caz Rubega,Caz,Rubega,crubega3o@shop-pro.jp,Male,186.227.234.41
Camila Deex,Camila,Deex,cdeex3p@archive.org,Female,196.12.120.54
Artus Philler,Artus,Philler,aphiller3q@nature.com,Male,15.145.11.93
Sheff Blatherwick,Sheff,Blatherwick,sblatherwick3r@dmoz.org,Male,116.68.14.88
Weidar Slarke,Weidar,Slarke,wslarke3s@vinaora.com,Male,12.5.118.226
Marlo Elms,Marlo,Elms,melms3t@msu.edu,Male,94.176.211.220
Cornall Longshaw,Cornall,Longshaw,clongshaw3u@google.de,Male,29.17.141.87
Engelbert Stuck,Engelbert,Stuck,estuck3v@histats.com,Male,219.69.29.190
Spense Stanmore,Spense,Stanmore,sstanmore3w@fastcompany.com,Male,38.161.58.105
Ethyl Lodwick,Ethyl,Lodwick,elodwick3x@de.vu,Female,133.127.94.135
Terrijo Hamal,Terrijo,Hamal,thamal3y@wordpress.org,Female,128.52.43.100
Consalve Mockes,Consalve,Mockes,cmockes3z@list-manage.com,Male,5.59.21.94
Zerk Elmes,Zerk,Elmes,zelmes40@pinterest.com,Male,196.72.2.143
Koralle Christou,Koralle,Christou,kchristou41@home.pl,Female,27.32.157.179
Chloe Gummer,Chloe,Gummer,cgummer42@archive.org,Female,152.32.215.171
Naoma Pree,Naoma,Pree,npree43@admin.ch,Female,136.246.136.236
Ondrea Fawdrey,Ondrea,Fawdrey,ofawdrey44@taobao.com,Female,98.165.173.19
Holmes Bavidge,Holmes,Bavidge,hbavidge45@cam.ac.uk,Male,49.137.154.13
Kelly Panyer,Kelly,Panyer,kpanyer46@t-online.de,Male,88.26.123.60
Craggy Mattiello,Craggy,Mattiello,cmattiello47@icq.com,Male,161.131.211.199
Lucien Seaborne,Lucien,Seaborne,lseaborne48@wiley.com,Male,101.57.229.52
Lorens Braghini,Lorens,Braghini,lbraghini49@parallels.com,Male,209.29.151.177
Quinn MacWhan,Quinn,MacWhan,qmacwhan4a@hatena.ne.jp,Female,113.116.54.151
Hyatt Ingerfield,Hyatt,Ingerfield,hingerfield4b@ehow.com,Male,238.24.140.107
Ronalda O'Moylane,Ronalda,O'Moylane,romoylane4c@arizona.edu,Female,211.67.153.133
Perrine Stern,Perrine,Stern,pstern4d@paginegialle.it,Female,70.5.140.66
Broderick Rallin,Broderick,Rallin,brallin4e@usda.gov,Male,55.4.185.216
Antonetta Ibert,Antonetta,Ibert,aibert4f@geocities.com,Female,14.151.6.224
Rance Jaimez,Rance,Jaimez,rjaimez4g@constantcontact.com,Male,199.166.87.67
Lauritz Gatiss,Lauritz,Gatiss,lgatiss4h@angelfire.com,Male,233.181.213.216
Tedi Edgler,Tedi,Edgler,tedgler4i@com.com,Female,5.177.29.202
Jasen Doding,Jasen,Doding,jdoding4j@prlog.org,Male,18.136.239.181
Arv Bushen,Arv,Bushen,abushen4k@sogou.com,Male,106.154.222.183
Alaric Crockatt,Alaric,Crockatt,acrockatt4l@slashdot.org,Male,40.143.17.150
Leroy Jovis,Leroy,Jovis,ljovis4m@slideshare.net,Male,221.160.235.205
Teirtza Bricksey,Teirtza,Bricksey,tbricksey4n@hatena.ne.jp,Female,226.240.10.66
Tomas Squibb,Tomas,Squibb,tsquibb4o@reddit.com,Male,191.204.232.84
Mirilla Hammel,Mirilla,Hammel,mhammel4p@epa.gov,Female,89.253.8.122
Tabb Tuff,Tabb,Tuff,ttuff4q@slideshare.net,Male,211.123.150.55
Jennie McIlwraith,Jennie,McIlwraith,jmcilwraith4r@chronoengine.com,Female,171.12.20.7
Shanna Siney,Shanna,Siney,ssiney4s@noaa.gov,Female,60.12.107.150
Tommie Chessill,Tommie,Chessill,tchessill4t@pcworld.com,Male,158.119.201.126
Ennis Underwood,Ennis,Underwood,eunderwood4u@cocolog-nifty.com,Male,111.249.196.161
Callean Passy,Callean,Passy,cpassy4v@ed.gov,Male,188.104.102.25
Amelie McIlriach,Amelie,McIlriach,amcilriach4w@zimbio.com,Female,237.69.79.125
Cleon Tommasi,Cleon,Tommasi,ctommasi4x@t-online.de,Male,26.4.30.161
Theodosia Caruth,Theodosia,Caruth,tcaruth4y@earthlink.net,Female,141.237.251.126
Carmella Craik,Carmella,Craik,ccraik4z@nytimes.com,Female,124.78.44.66
Katalin Booton,Katalin,Booton,kbooton50@uol.com.br,Female,162.218.50.65
Blancha Giannoni,Blancha,Giannoni,bgiannoni51@cafepress.com,Female,193.153.100.186
Leland Niesing,Leland,Niesing,lniesing52@cpanel.net,Male,75.75.61.196
Malinda Farquhar,Malinda,Farquhar,mfarquhar53@wisc.edu,Female,142.202.243.248
Garvy Ensten,Garvy,Ensten,gensten54@sogou.com,Male,199.211.197.32
Jules Laurenson,Jules,Laurenson,jlaurenson55@dedecms.com,Male,4.99.159.250
Ernesto Maudlen,Ernesto,Maudlen,emaudlen56@seesaa.net,Male,123.102.119.3
Tanitansy Durbann,Tanitansy,Durbann,tdurbann57@amazon.de,Female,123.185.89.242
Sharai Roddam,Sharai,Roddam,sroddam58@about.com,Female,11.195.139.4
Janek Marques,Janek,Marques,jmarques59@biglobe.ne.jp,Male,226.122.169.185
Andrea Cussons,Andrea,Cussons,acussons5a@who.int,Female,129.159.230.33
Donn Brimham,Donn,Brimham,dbrimham5b@rediff.com,Male,163.212.59.130
Mela Pooke,Mela,Pooke,mpooke5c@phoca.cz,Female,52.29.122.188
Corinna Huortic,Corinna,Huortic,chuortic5d@hugedomains.com,Female,41.127.85.11
Revkah Steinhammer,Revkah,Steinhammer,rsteinhammer5e@1und1.de,Female,41.21.224.162
Estell McBeth,Estell,McBeth,emcbeth5f@chronoengine.com,Female,163.187.2.97
Gardner Flewin,Gardner,Flewin,gflewin5g@utexas.edu,Male,43.43.251.99
Dion Demanche,Dion,Demanche,ddemanche5h@4shared.com,Female,108.131.4.234
Milena Brannon,Milena,Brannon,mbrannon5i@yolasite.com,Female,248.80.72.104
Tawnya Mangan,Tawnya,Mangan,tmangan5j@mtv.com,Female,143.155.229.79
Magda Huygen,Magda,Huygen,mhuygen5k@hexun.com,Female,152.99.242.151
Nat Frisby,Nat,Frisby,nfrisby5l@dagondesign.com,Female,9.104.191.210
Johan Blaycock,Johan,Blaycock,jblaycock5m@php.net,Male,134.178.168.53
Gael Kitcatt,Gael,Kitcatt,gkitcatt5n@mapy.cz,Male,16.225.217.94
Corinna Gollin,Corinna,Gollin,cgollin5o@unblog.fr,Female,107.205.214.191
Sonni Sinisbury,Sonni,Sinisbury,ssinisbury5p@nhs.uk,Female,164.189.105.123
Kylila Darlison,Kylila,Darlison,kdarlison5q@themeforest.net,Female,94.248.90.107
Michale Curtiss,Michale,Curtiss,mcurtiss5r@wikia.com,Male,112.121.122.60
Dexter Dahmel,Dexter,Dahmel,ddahmel5s@sitemeter.com,Male,23.164.224.253
Emalia Smy,Emalia,Smy,esmy5t@lulu.com,Female,17.46.51.9
Wallie Blennerhassett,Wallie,Blennerhassett,wblennerhassett5u@latimes.com,Female,55.9.35.122
Marlane Lindemann,Marlane,Lindemann,mlindemann5v@house.gov,Female,118.34.161.48
Norry Kesteven,Norry,Kesteven,nkesteven5w@webeden.co.uk,Male,173.252.57.166
Patton Krzysztofiak,Patton,Krzysztofiak,pkrzysztofiak5x@livejournal.com,Male,222.182.221.152
Farrell Dade,Farrell,Dade,fdade5y@ted.com,Male,23.58.101.194
Cassi Bryning,Cassi,Bryning,cbryning5z@bizjournals.com,Female,84.157.53.108
Megen Brotherhed,Megen,Brotherhed,mbrotherhed60@netvibes.com,Female,18.199.30.220
Sondra Maleham,Sondra,Maleham,smaleham61@storify.com,Female,199.192.77.9
Frannie Freeland,Frannie,Freeland,ffreeland62@hexun.com,Male,6.17.94.245
Ailis Lunge,Ailis,Lunge,alunge63@amazon.de,Female,35.237.45.185
Wandie Brashier,Wandie,Brashier,wbrashier64@businesswire.com,Female,21.208.84.14
Nolie Varden,Nolie,Varden,nvarden65@seattletimes.com,Female,159.168.101.48
Terence McGaraghan,Terence,McGaraghan,tmcgaraghan66@google.cn,Male,147.36.47.125
Essy McAdam,Essy,McAdam,emcadam67@ucoz.com,Female,142.54.3.59
Bart Trelevan,Bart,Trelevan,btrelevan68@istockphoto.com,Male,96.53.169.197
Nertie Oddie,Nertie,Oddie,noddie69@hc360.com,Female,195.54.177.17
Aldin Cutbirth,Aldin,Cutbirth,acutbirth6a@slate.com,Male,121.149.67.2
Callida Vassano,Callida,Vassano,cvassano6b@de.vu,Female,97.126.192.137
Bren Benck,Bren,Benck,bbenck6c@oakley.com,Female,178.50.50.0
Walt Cockshtt,Walt,Cockshtt,wcockshtt6d@home.pl,Male,14.31.125.122
Niko Metschke,Niko,Metschke,nmetschke6e@seesaa.net,Male,62.41.211.55
Lou Keyson,Lou,Keyson,lkeyson6f@oakley.com,Female,28.144.34.66
Ginevra Goare,Ginevra,Goare,ggoare6g@tinyurl.com,Female,251.136.99.192
Audry Roblin,Audry,Roblin,aroblin6h@dell.com,Female,198.158.78.17
Happy Jeffels,Happy,Jeffels,hjeffels6i@dot.gov,Female,147.103.25.135
Goddard Crosetti,Goddard,Crosetti,gcrosetti6j@jiathis.com,Male,221.2.164.212
Mellisent Duckhouse,Mellisent,Duckhouse,mduckhouse6k@symantec.com,Female,31.40.178.101
Yancey Porcher,Yancey,Porcher,yporcher6l@exblog.jp,Male,170.50.114.10
Annabella Schiesterl,Annabella,Schiesterl,aschiesterl6m@webmd.com,Female,97.250.4.219
Hoyt Twidell,Hoyt,Twidell,htwidell6n@globo.com,Male,253.37.154.250
Jordon Ivashinnikov,Jordon,Ivashinnikov,jivashinnikov6o@psu.edu,Male,84.246.49.50
Barrett Guidoni,Barrett,Guidoni,bguidoni6p@vimeo.com,Male,253.146.252.67
Stacia Cowley,Stacia,Cowley,scowley6q@com.com,Female,125.1.14.173
Liv Leggitt,Liv,Leggitt,lleggitt6r@vinaora.com,Female,254.1.180.68
Nolie Morley,Nolie,Morley,nmorley6s@tinypic.com,Female,131.198.122.61
Roberta Gardener,Roberta,Gardener,rgardener6t@ftc.gov,Female,235.245.221.237
Laural Saben,Laural,Saben,lsaben6u@nbcnews.com,Female,114.21.116.222
Caddric Leteurtre,Caddric,Leteurtre,cleteurtre6v@indiegogo.com,Male,225.175.197.10
Mora Clohissy,Mora,Clohissy,mclohissy6w@canalblog.com,Female,246.131.131.136
Elwin Luscott,Elwin,Luscott,eluscott6x@geocities.com,Male,20.2.184.84
Georgetta Genders,Georgetta,Genders,ggenders6y@ucla.edu,Female,234.15.182.74
Jennee Boler,Jennee,Boler,jboler6z@barnesandnoble.com,Female,253.252.156.241
Kirk Dilger,Kirk,Dilger,kdilger70@flickr.com,Male,28.209.36.66
Audry Goodhand,Audry,Goodhand,agoodhand71@nationalgeographic.com,Female,150.211.180.56
Fee Ivashkov,Fee,Ivashkov,fivashkov72@apple.com,Male,43.137.31.210
Randal Glozman,Randal,Glozman,rglozman73@pbs.org,Male,2.149.23.177
Salomon Mandres,Salomon,Mandres,smandres74@nbcnews.com,Male,70.178.216.179
Kleon Gaythor,Kleon,Gaythor,kgaythor75@yellowbook.com,Male,227.32.113.219
Killie Kearford,Killie,Kearford,kkearford76@omniture.com,Male,143.54.215.216
Talya Blucher,Talya,Blucher,tblucher77@addtoany.com,Female,124.209.22.52
Stacey Yockley,Stacey,Yockley,syockley78@vimeo.com,Female,187.30.198.180
Aveline Tewnion,Aveline,Tewnion,atewnion79@live.com,Female,214.41.76.239
Minta Shreve,Minta,Shreve,mshreve7a@washingtonpost.com,Female,190.22.134.124
Josiah Burth,Josiah,Burth,jburth7b@washingtonpost.com,Male,6.210.230.119
Rheba Vitall,Rheba,Vitall,rvitall7c@craigslist.org,Female,244.240.199.98
Reese Macklam,Reese,Macklam,rmacklam7d@theglobeandmail.com,Male,7.204.145.148
Davita Finlay,Davita,Finlay,dfinlay7e@nsw.gov.au,Female,212.79.35.249
Vida Gatenby,Vida,Gatenby,vgatenby7f@mapquest.com,Female,44.178.59.201
Bale Stearn,Bale,Stearn,bstearn7g@blinklist.com,Male,231.10.232.76
Ransom Ballintyne,Ransom,Ballintyne,rballintyne7h@washington.edu,Male,42.52.202.214
Fae Rusted,Fae,Rusted,frusted7i@google.fr,Female,94.177.108.251
Mayor Laban,Mayor,Laban,mlaban7j@yandex.ru,Male,232.200.224.50
Gussie Lettuce,Gussie,Lettuce,glettuce7k@dailymail.co.uk,Female,160.187.155.231
Eloisa Vasentsov,Eloisa,Vasentsov,evasentsov7l@pagesperso-orange.fr,Female,125.197.23.228
Devy Neath,Devy,Neath,dneath7m@icq.com,Male,39.6.0.117
Webb Everix,Webb,Everix,weverix7n@issuu.com,Male,21.246.244.242
Owen Milella,Owen,Milella,omilella7o@yandex.ru,Male,99.73.99.165
Elane Benaine,Elane,Benaine,ebenaine7p@i2i.jp,Female,74.183.17.66
Ingra Ritmeier,Ingra,Ritmeier,iritmeier7q@alexa.com,Male,21.239.137.117
Fletch Kenwin,Fletch,Kenwin,fkenwin7r@a8.net,Male,152.66.135.158
Miguelita Breinlein,Miguelita,Breinlein,mbreinlein7s@unblog.fr,Female,220.233.132.249
Lindsy Halegarth,Lindsy,Halegarth,lhalegarth7t@loc.gov,Female,114.49.143.56
Ivett Yesinin,Ivett,Yesinin,iyesinin7u@ehow.com,Female,185.49.88.32
Eleanor Grinval,Eleanor,Grinval,egrinval7v@ebay.co.uk,Female,86.74.21.22
Hobie Kleinstein,Hobie,Kleinstein,hkleinstein7w@fc2.com,Male,155.58.67.117
Nathaniel Fell,Nathaniel,Fell,nfell7x@narod.ru,Male,199.58.103.59
Ally Beeswing,Ally,Beeswing,abeeswing7y@youtube.com,Female,108.6.248.141
Kin Fourman,Kin,Fourman,kfourman7z@samsung.com,Male,144.135.127.209
Terrie Fruser,Terrie,Fruser,tfruser80@accuweather.com,Female,34.203.32.182
Pernell Gansbuhler,Pernell,Gansbuhler,pgansbuhler81@cbslocal.com,Male,102.164.115.96
Carny Lauritzen,Carny,Lauritzen,clauritzen82@ycombinator.com,Male,45.131.101.181
Selle Ilieve,Selle,Ilieve,silieve83@studiopress.com,Female,194.36.53.50
Jessamyn Caffery,Jessamyn,Caffery,jcaffery84@foxnews.com,Female,15.152.229.90
Ky Brewins,Ky,Brewins,kbrewins85@i2i.jp,Male,143.105.93.11
Randy Burborough,Randy,Burborough,rburborough86@cargocollective.com,Female,134.52.119.54
Darnall Domegan,Darnall,Domegan,ddomegan87@examiner.com,Male,222.48.108.63
Ruttger Czyz,Ruttger,Czyz,rczyz88@va.gov,Male,17.5.202.4
Hildagarde Petrolli,Hildagarde,Petrolli,hpetrolli89@nyu.edu,Female,158.228.8.241
Hazel Eustanch,Hazel,Eustanch,heustanch8a@gov.uk,Female,188.2.73.201
Anissa Renish,Anissa,Renish,arenish8b@stumbleupon.com,Female,130.30.163.179
Mayor Flisher,Mayor,Flisher,mflisher8c@edublogs.org,Male,233.214.183.55
Luci Prayer,Luci,Prayer,lprayer8d@youku.com,Female,236.220.223.127
Hetti Fordy,Hetti,Fordy,hfordy8e@independent.co.uk,Female,156.236.220.137
Chicky Cale,Chicky,Cale,ccale8f@senate.gov,Male,227.40.158.183
Kane Possek,Kane,Possek,kpossek8g@hexun.com,Male,153.152.125.159
Elvera Springtorp,Elvera,Springtorp,espringtorp8h@imdb.com,Female,249.88.97.223
Rosy Macrae,Rosy,Macrae,rmacrae8i@sitemeter.com,Female,112.67.98.179
Germaine Armatage,Germaine,Armatage,garmatage8j@webeden.co.uk,Male,126.201.185.16
Felix Formilli,Felix,Formilli,fformilli8k@qq.com,Male,214.172.120.183
Rafi Deguara,Rafi,Deguara,rdeguara8l@oracle.com,Male,78.236.53.219
Karim Upstell,Karim,Upstell,kupstell8m@live.com,Male,62.186.173.163
Cordi Skellen,Cordi,Skellen,cskellen8n@i2i.jp,Female,75.207.55.134
Johanna Aubrey,Johanna,Aubrey,jaubrey8o@princeton.edu,Female,207.73.84.242
Allianora Lambol,Allianora,Lambol,alambol8p@amazonaws.com,Female,92.101.9.22
Ethel Hounson,Ethel,Hounson,ehounson8q@bbc.co.uk,Female,202.191.115.18
Mattias Biesty,Mattias,Biesty,mbiesty8r@mozilla.org,Male,167.181.228.18
Chrystal Brumfitt,Chrystal,Brumfitt,cbrumfitt8s@sphinn.com,Female,169.226.106.231
Sibeal Wavell,Sibeal,Wavell,swavell8t@epa.gov,Female,189.59.202.33
Allys Morad,Allys,Morad,amorad8u@miibeian.gov.cn,Female,20.145.123.191
Barbabas Duester,Barbabas,Duester,bduester8v@printfriendly.com,Male,96.161.85.106
Carena Cardno,Carena,Cardno,ccardno8w@gravatar.com,Female,83.105.35.111
Culley Cobbald,Culley,Cobbald,ccobbald8x@state.gov,Male,81.188.192.225
Bobby Matthis,Bobby,Matthis,bmatthis8y@ucoz.ru,Female,246.216.148.164
Cameron Kingsman,Cameron,Kingsman,ckingsman8z@studiopress.com,Male,140.132.15.181
Hilda Gilchrist,Hilda,Gilchrist,hgilchrist90@reference.com,Female,69.77.177.148
Lenci Beuscher,Lenci,Beuscher,lbeuscher91@mtv.com,Male,44.18.35.114
Sidonia Shearston,Sidonia,Shearston,sshearston92@sbwire.com,Female,99.141.50.164
Igor Matus,Igor,Matus,imatus93@nydailynews.com,Male,45.143.173.38
Adriana Rampton,Adriana,Rampton,arampton94@jigsy.com,Female,4.20.184.205
Gaston Grave,Gaston,Grave,ggrave95@admin.ch,Male,172.139.184.32
Alejandro Juarez,Alejandro,Juarez,ajuarez96@about.me,Male,2.88.14.125
Greta Pady,Greta,Pady,gpady97@irs.gov,Female,28.106.248.69
Stacee Clout,Stacee,Clout,sclout98@fc2.com,Male,42.117.37.149
Kaila Zanuciolii,Kaila,Zanuciolii,kzanuciolii99@edublogs.org,Female,116.174.81.174
Violette Sexti,Violette,Sexti,vsexti9a@bravesites.com,Female,80.145.120.9
Dwain Vear,Dwain,Vear,dvear9b@reference.com,Male,181.77.153.91
Romy Coker,Romy,Coker,rcoker9c@newsvine.com,Female,199.237.216.105
Jillayne Broadbear,Jillayne,Broadbear,jbroadbear9d@barnesandnoble.com,Female,170.3.25.121
Abigale De Mitris,Abigale,De Mitris,ade9e@ucsd.edu,Female,41.167.209.117
Sherwood Adenot,Sherwood,Adenot,sadenot9f@addtoany.com,Male,236.42.231.84
Trenton Ackenhead,Trenton,Ackenhead,tackenhead9g@shinystat.com,Male,235.253.110.118
Garwin Hartington,Garwin,Hartington,ghartington9h@free.fr,Male,0.48.132.236
Emyle Clubb,Emyle,Clubb,eclubb9i@amazon.com,Female,41.199.6.179
Perri Shalloe,Perri,Shalloe,pshalloe9j@stanford.edu,Female,0.153.34.27
Kelwin Hassur,Kelwin,Hassur,khassur9k@jigsy.com,Male,51.218.159.62
Rodrique Gosforth,Rodrique,Gosforth,rgosforth9l@virginia.edu,Male,73.133.94.255
Gennifer Lehrahan,Gennifer,Lehrahan,glehrahan9m@techcrunch.com,Female,226.177.75.204
Nobie Cabel,Nobie,Cabel,ncabel9n@nasa.gov,Male,205.159.146.215
Elmo Dallinder,Elmo,Dallinder,edallinder9o@google.ca,Male,231.237.23.38
Redford Yoslowitz,Redford,Yoslowitz,ryoslowitz9p@newyorker.com,Male,99.32.60.160
Carmelina Goodwins,Carmelina,Goodwins,cgoodwins9q@ft.com,Female,21.183.237.20
Tyler Ide,Tyler,Ide,tide9r@psu.edu,Male,55.104.69.136
Bamby Spirit,Bamby,Spirit,bspirit9s@imageshack.us,Female,209.202.110.34
Brice Footer,Brice,Footer,bfooter9t@wired.com,Male,133.183.202.122
Linc Crowther,Linc,Crowther,lcrowther9u@miibeian.gov.cn,Male,62.47.140.227
Winthrop Pawelke,Winthrop,Pawelke,wpawelke9v@parallels.com,Male,124.160.223.143
Kliment Bousquet,Kliment,Bousquet,kbousquet9w@netvibes.com,Male,229.60.20.38
Anton Mammatt,Anton,Mammatt,amammatt9x@nifty.com,Male,89.79.140.69
Judie Thamelt,Judie,Thamelt,jthamelt9y@china.com.cn,Female,23.202.145.222
Harris Lowensohn,Harris,Lowensohn,hlowensohn9z@mapy.cz,Male,83.132.196.118
Evey Harper,Evey,Harper,eharpera0@typepad.com,Female,118.209.243.214
Oona Cradey,Oona,Cradey,ocradeya1@g.co,Female,36.161.22.221
Nickie Bottelstone,Nickie,Bottelstone,nbottelstonea2@nymag.com,Male,103.52.161.170
May Babin,May,Babin,mbabina3@spotify.com,Female,57.17.74.103
Sherlock Smitton,Sherlock,Smitton,ssmittona4@bloglines.com,Male,241.14.216.39
Marcella Meneely,Marcella,Meneely,mmeneelya5@imageshack.us,Female,156.120.255.10
Dexter Wilde,Dexter,Wilde,dwildea6@imageshack.us,Male,208.12.255.163
Mervin Eaklee,Mervin,Eaklee,meakleea7@abc.net.au,Male,120.42.31.248
Jareb Glaze,Jareb,Glaze,jglazea8@berkeley.edu,Male,254.209.114.13
Weber Westnedge,Weber,Westnedge,wwestnedgea9@mapquest.com,Male,193.36.85.64
Silvain Monck,Silvain,Monck,smonckaa@freewebs.com,Male,46.167.134.224
Elsey Barnaclough,Elsey,Barnaclough,ebarnacloughab@cyberchimps.com,Female,186.243.194.199
Pryce Gomery,Pryce,Gomery,pgomeryac@people.com.cn,Male,128.170.29.149
Lefty Corness,Lefty,Corness,lcornessad@addtoany.com,Male,17.155.194.230
Lance Sweetlove,Lance,Sweetlove,lsweetloveae@multiply.com,Male,196.104.255.165
Peyter Chasmar,Peyter,Chasmar,pchasmaraf@gizmodo.com,Male,67.113.186.247
Timofei Hammersley,Timofei,Hammersley,thammersleyag@pen.io,Male,176.150.179.61
Enos Upham,Enos,Upham,euphamah@fda.gov,Male,244.27.129.33
Dalia Leap,Dalia,Leap,dleapai@mapquest.com,Female,102.198.62.116
Clemmie Mayte,Clemmie,Mayte,cmayteaj@army.mil,Male,33.130.198.13
Fenelia Stendell,Fenelia,Stendell,fstendellak@oracle.com,Female,231.110.101.45
Keefe Minty,Keefe,Minty,kmintyal@sfgate.com,Male,106.180.253.206
Sile Dyers,Sile,Dyers,sdyersam@networkadvertising.org,Female,22.168.255.30
Bud Boyford,Bud,Boyford,bboyfordan@de.vu,Male,79.239.116.0
Avril Plank,Avril,Plank,aplankao@foxnews.com,Female,24.44.73.11
Cy Dahmel,Cy,Dahmel,cdahmelap@liveinternet.ru,Male,184.236.192.58
Morgun Lambdin,Morgun,Lambdin,mlambdinaq@flickr.com,Male,125.161.159.8
Tarra Bogays,Tarra,Bogays,tbogaysar@storify.com,Female,79.149.136.118
Carena Loudwell,Carena,Loudwell,cloudwellas@rambler.ru,Female,255.46.234.73
Esmeralda Matthewes,Esmeralda,Matthewes,ematthewesat@xrea.com,Female,64.159.177.117
Zoe Hindsberg,Zoe,Hindsberg,zhindsbergau@themeforest.net,Female,213.219.155.176
Torry Malter,Torry,Malter,tmalterav@deliciousdays.com,Male,9.242.40.233
Gerda Steel,Gerda,Steel,gsteelaw@meetup.com,Female,142.159.132.84
Virge Chessor,Virge,Chessor,vchessorax@miitbeian.gov.cn,Male,117.64.69.165
Ericha Fessier,Ericha,Fessier,efessieray@umn.edu,Female,184.180.241.6
Wait Nutt,Wait,Nutt,wnuttaz@edublogs.org,Male,78.211.120.11
Wendell Spencook,Wendell,Spencook,wspencookb0@meetup.com,Male,209.252.106.112
Benedicto McGenn,Benedicto,McGenn,bmcgennb1@hatena.ne.jp,Male,88.151.9.50
Rowen Begwell,Rowen,Begwell,rbegwellb2@google.com.au,Male,255.81.186.159
Lynde Carless,Lynde,Carless,lcarlessb3@paypal.com,Female,80.239.27.178
Terence Warrender,Terence,Warrender,twarrenderb4@redcross.org,Male,152.7.42.243
Bordy Bonwick,Bordy,Bonwick,bbonwickb5@instagram.com,Male,226.118.113.11
Penny Northcott,Penny,Northcott,pnorthcottb6@biblegateway.com,Female,206.145.137.226
Stephenie Ribbon,Stephenie,Ribbon,sribbonb7@washington.edu,Female,21.106.54.42
Lock Whittenbury,Lock,Whittenbury,lwhittenburyb8@w3.org,Male,67.72.83.224
Evangelia Dahlback,Evangelia,Dahlback,edahlbackb9@ning.com,Female,83.35.7.21
Diana Boldock,Diana,Boldock,dboldockba@1und1.de,Female,169.93.247.110
Wald Fulham,Wald,Fulham,wfulhambb@bbc.co.uk,Male,2.31.158.231
Rusty Worviell,Rusty,Worviell,rworviellbc@chicagotribune.com,Male,15.129.227.55
Land Cobbled,Land,Cobbled,lcobbledbd@uol.com.br,Male,138.169.30.108
Briggs Rennolds,Briggs,Rennolds,brennoldsbe@drupal.org,Male,18.44.10.154
Virge Stave,Virge,Stave,vstavebf@tamu.edu,Male,211.233.202.68
Tim Oatley,Tim,Oatley,toatleybg@amazon.com,Male,95.1.64.37
Morley Gammidge,Morley,Gammidge,mgammidgebh@angelfire.com,Male,176.90.210.254
Gabbey Erik,Gabbey,Erik,gerikbi@cbsnews.com,Female,88.23.187.122
Kayley McAdam,Kayley,McAdam,kmcadambj@list-manage.com,Female,123.155.101.107
Riordan Train,Riordan,Train,rtrainbk@jiathis.com,Male,205.16.234.120
Gabriella Durn,Gabriella,Durn,gdurnbl@prnewswire.com,Female,185.58.47.119
Bertha Bakewell,Bertha,Bakewell,bbakewellbm@wsj.com,Female,80.208.64.154
Mathian Ede,Mathian,Ede,medebn@sourceforge.net,Male,99.193.182.202
Letty Sowter,Letty,Sowter,lsowterbo@wiley.com,Female,185.255.170.151
Letty Sisey,Letty,Sisey,lsiseybp@gnu.org,Female,51.247.151.37
Amye Kimm,Amye,Kimm,akimmbq@upenn.edu,Female,140.47.88.25
Bibbye Diament,Bibbye,Diament,bdiamentbr@smugmug.com,Female,43.236.146.43
Danice Klewer,Danice,Klewer,dklewerbs@hp.com,Female,185.67.177.212
Muire Stallworthy,Muire,Stallworthy,mstallworthybt@usgs.gov,Female,188.125.69.255
Judon McGurk,Judon,McGurk,jmcgurkbu@google.nl,Male,159.206.133.109
Sidonnie Kermon,Sidonnie,Kermon,skermonbv@admin.ch,Female,184.246.174.74
Asia Heliet,Asia,Heliet,ahelietbw@phpbb.com,Female,120.173.240.21
Lindsey Loving,Lindsey,Loving,llovingbx@kickstarter.com,Female,15.190.164.55
Aubrey Norker,Aubrey,Norker,anorkerby@angelfire.com,Male,61.88.50.89
Lila Pitkins,Lila,Pitkins,lpitkinsbz@shareasale.com,Female,66.177.222.245
Vince Musso,Vince,Musso,vmussoc0@parallels.com,Male,254.169.71.191
Dick Gooderson,Dick,Gooderson,dgoodersonc1@zdnet.com,Male,244.11.137.236
Nelia Kays,Nelia,Kays,nkaysc2@icq.com,Female,150.119.149.39
Sherill Moralis,Sherill,Moralis,smoralisc3@state.gov,Female,148.217.134.181
Adoree Lerigo,Adoree,Lerigo,alerigoc4@stumbleupon.com,Female,216.104.166.73
Alphonso Pinhorn,Alphonso,Pinhorn,apinhornc5@nba.com,Male,183.40.186.170
Bartie Guilleton,Bartie,Guilleton,bguilletonc6@live.com,Male,161.86.2.113
Curtis Blaxland,Curtis,Blaxland,cblaxlandc7@google.co.jp,Male,247.79.254.17
Shelby Fayerbrother,Shelby,Fayerbrother,sfayerbrotherc8@sina.com.cn,Female,210.168.188.59
Lynnelle Oldroyde,Lynnelle,Oldroyde,loldroydec9@cloudflare.com,Female,78.148.74.18
Bjorn Coats,Bjorn,Coats,bcoatsca@virginia.edu,Male,40.246.217.185
Karrah Warder,Karrah,Warder,kwardercb@biglobe.ne.jp,Female,30.251.155.52
Fairfax MacClinton,Fairfax,MacClinton,fmacclintoncc@virginia.edu,Male,76.254.103.78
Gabbey Looker,Gabbey,Looker,glookercd@cbc.ca,Female,20.130.50.238
Hilarius O' Byrne,Hilarius,O' Byrne,hoce@oakley.com,Male,51.10.146.140
Ceil Cornuau,Ceil,Cornuau,ccornuaucf@dailymail.co.uk,Female,4.43.255.5
Norton Nowick,Norton,Nowick,nnowickcg@slideshare.net,Male,135.59.237.255
Audrye Edmead,Audrye,Edmead,aedmeadch@shinystat.com,Female,176.157.179.12
Rory Hevner,Rory,Hevner,rhevnerci@surveymonkey.com,Female,179.137.38.0
Minerva Hook,Minerva,Hook,mhookcj@nsw.gov.au,Female,251.141.48.185
Niccolo Terne,Niccolo,Terne,nterneck@nytimes.com,Male,89.104.66.83
Dill Arney,Dill,Arney,darneycl@europa.eu,Male,74.106.244.176
Currey Docherty,Currey,Docherty,cdochertycm@nasa.gov,Male,125.47.32.212
My Kleiser,My,Kleiser,mkleisercn@indiegogo.com,Male,11.234.23.253
Casandra Blitz,Casandra,Blitz,cblitzco@free.fr,Female,1.165.166.220
Effie Denyukhin,Effie,Denyukhin,edenyukhincp@pagesperso-orange.fr,Female,240.207.182.72
Amalia Danter,Amalia,Danter,adantercq@spiegel.de,Female,73.15.162.203
Arlyn Melburg,Arlyn,Melburg,amelburgcr@drupal.org,Female,88.69.141.165
Winfield Goodlife,Winfield,Goodlife,wgoodlifecs@ted.com,Male,111.15.191.152
Rickie Caraher,Rickie,Caraher,rcaraherct@arstechnica.com,Female,174.88.148.50
Pooh Carek,Pooh,Carek,pcarekcu@blogger.com,Female,229.75.163.141
Wandis Rubinovitch,Wandis,Rubinovitch,wrubinovitchcv@hhs.gov,Female,193.107.193.163
Ruddie Micah,Ruddie,Micah,rmicahcw@wsj.com,Male,91.230.219.245
Christina Broadhurst,Christina,Broadhurst,cbroadhurstcx@newsvine.com,Female,182.116.170.3
Dayna Fawks,Dayna,Fawks,dfawkscy@biglobe.ne.jp,Female,72.155.95.104
Linell Stock,Linell,Stock,lstockcz@posterous.com,Female,5.127.127.119
Bogart Rowlands,Bogart,Rowlands,browlandsd0@xing.com,Male,236.88.184.41
Dermot Negro,Dermot,Negro,dnegrod1@prweb.com,Male,178.15.212.83
Fields Drane,Fields,Drane,fdraned2@kickstarter.com,Male,94.17.75.41
Carson Upcraft,Carson,Upcraft,cupcraftd3@rediff.com,Male,123.27.216.254
Ingamar Stilldale,Ingamar,Stilldale,istilldaled4@edublogs.org,Male,164.234.124.125
Danyelle Sear,Danyelle,Sear,dseard5@wikipedia.org,Female,172.19.171.189
Nero Egre,Nero,Egre,negred6@scribd.com,Male,192.108.156.99
Herman Smail,Herman,Smail,hsmaild7@canalblog.com,Male,207.46.32.252
Buiron Brookfield,Buiron,Brookfield,bbrookfieldd8@baidu.com,Male,119.181.15.244
Greer Nestle,Greer,Nestle,gnestled9@mlb.com,Female,28.167.192.130
Emalee Uzelli,Emalee,Uzelli,euzellida@google.it,Female,198.255.37.229
Stanislaus Glennie,Stanislaus,Glennie,sglenniedb@redcross.org,Male,138.123.66.20
Cami Standage,Cami,Standage,cstandagedc@whitehouse.gov,Female,158.38.139.74
Abbey Eddowis,Abbey,Eddowis,aeddowisdd@mediafire.com,Male,115.177.253.15
Vivia Aggett,Vivia,Aggett,vaggettde@bravesites.com,Female,209.41.26.154
Vere McCorley,Vere,McCorley,vmccorleydf@domainmarket.com,Female,204.20.169.230
Thebault Frigot,Thebault,Frigot,tfrigotdg@wikipedia.org,Male,213.1.162.18
Artie Mizzen,Artie,Mizzen,amizzendh@geocities.com,Male,211.247.20.165
Mignonne Keightley,Mignonne,Keightley,mkeightleydi@dedecms.com,Female,13.46.62.74
Jourdain Douty,Jourdain,Douty,jdoutydj@businessweek.com,Male,149.110.12.72
Venita Davion,Venita,Davion,vdaviondk@businesswire.com,Female,175.202.111.221
Petunia Alves,Petunia,Alves,palvesdl@altervista.org,Female,252.233.146.145
Walden Argrave,Walden,Argrave,wargravedm@walmart.com,Male,10.85.128.151
Meridith Orwin,Meridith,Orwin,morwindn@huffingtonpost.com,Female,255.180.61.29
Audry Cridlon,Audry,Cridlon,acridlondo@angelfire.com,Female,111.170.250.139
Trisha Imort,Trisha,Imort,timortdp@huffingtonpost.com,Female,211.122.87.64
Talbot Chown,Talbot,Chown,tchowndq@youku.com,Male,162.25.183.44
Broderic Dodridge,Broderic,Dodridge,bdodridgedr@ow.ly,Male,1.54.20.49
Kip Flores,Kip,Flores,kfloresds@mlb.com,Male,234.73.182.143
Darill Hovee,Darill,Hovee,dhoveedt@tripadvisor.com,Male,107.2.11.136
Neill Kesten,Neill,Kesten,nkestendu@phoca.cz,Male,78.181.154.65
Petra Rispen,Petra,Rispen,prispendv@google.es,Female,225.195.186.170
Domini Dovey,Domini,Dovey,ddoveydw@pcworld.com,Female,237.27.155.191
Jarib Wightman,Jarib,Wightman,jwightmandx@dailymail.co.uk,Male,91.159.31.113
Dottie De Ambrosis,Dottie,De Ambrosis,ddedy@sciencedaily.com,Female,66.231.9.163
Jarret Iddiens,Jarret,Iddiens,jiddiensdz@clickbank.net,Male,45.210.202.82
Lorrie Sherr,Lorrie,Sherr,lsherre0@plala.or.jp,Male,65.62.197.40
Neely Gregoriou,Neely,Gregoriou,ngregorioue1@dailymail.co.uk,Female,212.85.109.97
Ethan Clipston,Ethan,Clipston,eclipstone2@telegraph.co.uk,Male,121.24.208.91
Emiline Whatford,Emiline,Whatford,ewhatforde3@nasa.gov,Female,46.113.240.101
Tannie Stopher,Tannie,Stopher,tstophere4@disqus.com,Male,44.210.80.177
Harri Coniff,Harri,Coniff,hconiffe5@exblog.jp,Female,34.162.46.96
Verge Gilcriest,Verge,Gilcriest,vgilcrieste6@hao123.com,Male,60.63.21.111
Isidro Drysdale,Isidro,Drysdale,idrysdalee7@wordpress.com,Male,24.65.85.82
Devondra Dowall,Devondra,Dowall,ddowalle8@nsw.gov.au,Female,159.218.184.72
Candie Seadon,Candie,Seadon,cseadone9@ycombinator.com,Female,70.104.64.239
Gerrard Croal,Gerrard,Croal,gcroalea@purevolume.com,Male,200.218.177.79
Llywellyn Rahl,Llywellyn,Rahl,lrahleb@usa.gov,Male,13.169.148.141
Trudey Sloey,Trudey,Sloey,tsloeyec@opensource.org,Female,228.22.11.137
Lenora Delgua,Lenora,Delgua,ldelguaed@people.com.cn,Female,49.6.155.89
Mike Mithon,Mike,Mithon,mmithonee@yellowbook.com,Male,99.12.124.18
Malena Veevers,Malena,Veevers,mveeversef@yelp.com,Female,110.71.123.103
Stanislaus Fanton,Stanislaus,Fanton,sfantoneg@bbb.org,Male,57.180.152.113
Diandra Cromley,Diandra,Cromley,dcromleyeh@boston.com,Female,9.166.23.67
Kaitlynn Hammerton,Kaitlynn,Hammerton,khammertonei@addthis.com,Female,7.193.73.64
Duky Baser,Duky,Baser,dbaserej@intel.com,Male,224.114.165.92
Arleen Suttling,Arleen,Suttling,asuttlingek@buzzfeed.com,Female,232.148.171.3
Graig Dopson,Graig,Dopson,gdopsonel@youku.com,Male,140.125.68.235
Heinrick Lacky,Heinrick,Lacky,hlackyem@ucla.edu,Male,58.196.89.1
Georges Wooller,Georges,Wooller,gwoolleren@ucoz.ru,Male,205.128.216.25
Roxana Robart,Roxana,Robart,rrobarteo@marketwatch.com,Female,149.217.236.72
Bertrand Plumstead,Bertrand,Plumstead,bplumsteadep@xinhuanet.com,Male,99.86.49.97
Hewitt Abrahamovitz,Hewitt,Abrahamovitz,habrahamovitzeq@webs.com,Male,9.245.93.255
Jocelyne Devin,Jocelyne,Devin,jdeviner@gnu.org,Female,36.37.14.17
Phillipp Comino,Phillipp,Comino,pcominoes@youtube.com,Male,213.166.10.125
Sheba Saggs,Sheba,Saggs,ssaggset@deliciousdays.com,Female,48.158.106.85
Kristien Arundel,Kristien,Arundel,karundeleu@mayoclinic.com,Female,80.248.244.21
Vin Abbes,Vin,Abbes,vabbesev@cnbc.com,Female,6.112.43.132
Gib Fullerton,Gib,Fullerton,gfullertonew@ucoz.ru,Male,189.95.80.23
Laraine Patrono,Laraine,Patrono,lpatronoex@dropbox.com,Female,76.177.50.219
Cris Cornick,Cris,Cornick,ccornickey@cbslocal.com,Male,202.55.133.58
Clarice Adanez,Clarice,Adanez,cadanezez@unc.edu,Female,11.159.22.253
Evangelia Loosmore,Evangelia,Loosmore,eloosmoref0@wikispaces.com,Female,79.195.237.242
Leyla Brasner,Leyla,Brasner,lbrasnerf1@mozilla.com,Female,246.200.234.137
Chicky Izakof,Chicky,Izakof,cizakoff2@foxnews.com,Male,140.44.254.21
Kalila Vickerman,Kalila,Vickerman,kvickermanf3@answers.com,Female,68.50.105.35
Kristofor Dowyer,Kristofor,Dowyer,kdowyerf4@livejournal.com,Male,116.84.193.62
Rhodie Narey,Rhodie,Narey,rnareyf5@com.com,Female,150.250.225.25
Linnell Burgill,Linnell,Burgill,lburgillf6@nature.com,Female,4.126.192.29
Nerta Queripel,Nerta,Queripel,nqueripelf7@tmall.com,Female,114.157.135.85
Quint Gauchier,Quint,Gauchier,qgauchierf8@barnesandnoble.com,Male,40.87.117.174
Davide Lundbeck,Davide,Lundbeck,dlundbeckf9@nsw.gov.au,Male,22.14.124.27
Stormi Reuter,Stormi,Reuter,sreuterfa@reuters.com,Female,98.242.95.43
Erroll Ellison,Erroll,Ellison,eellisonfb@ustream.tv,Male,34.197.191.24
Audrye Bretelle,Audrye,Bretelle,abretellefc@delicious.com,Female,58.250.129.159
Shalna Doughill,Shalna,Doughill,sdoughillfd@cargocollective.com,Female,1.253.193.38
Karlotte Vynall,Karlotte,Vynall,kvynallfe@ucoz.ru,Female,204.126.19.205
Goldia Brea,Goldia,Brea,gbreaff@msn.com,Female,49.193.111.165
Cammy Bernaldez,Cammy,Bernaldez,cbernaldezfg@google.com.br,Female,65.172.220.215
Aluin Witherspoon,Aluin,Witherspoon,awitherspoonfh@vkontakte.ru,Male,227.57.181.108
Meir Pernell,Meir,Pernell,mpernellfi@stumbleupon.com,Male,222.247.43.75
Stevie Welds,Stevie,Welds,sweldsfj@yellowpages.com,Male,9.41.35.146
Willamina Mapstone,Willamina,Mapstone,wmapstonefk@alibaba.com,Female,73.208.86.50
Eberhard Snead,Eberhard,Snead,esneadfl@timesonline.co.uk,Male,172.132.162.5
Romeo Gallihawk,Romeo,Gallihawk,rgallihawkfm@nps.gov,Male,78.17.56.141
Curran Crewes,Curran,Crewes,ccrewesfn@odnoklassniki.ru,Male,208.44.77.149
Julietta Jessett,Julietta,Jessett,jjessettfo@deviantart.com,Female,1.236.165.137
Arnoldo Corr,Arnoldo,Corr,acorrfp@pcworld.com,Male,246.122.63.213
Nara Preshous,Nara,Preshous,npreshousfq@mayoclinic.com,Female,251.206.98.26
Maryrose Sangra,Maryrose,Sangra,msangrafr@nationalgeographic.com,Female,186.217.238.104
Arie Seywood,Arie,Seywood,aseywoodfs@google.ru,Male,51.44.221.73
Brigid Drennan,Brigid,Drennan,bdrennanft@utexas.edu,Female,48.15.67.192
Garrett Stowte,Garrett,Stowte,gstowtefu@w3.org,Male,164.89.176.213
Flemming Cline,Flemming,Cline,fclinefv@gizmodo.com,Male,52.65.20.156
Melisse Pardoe,Melisse,Pardoe,mpardoefw@fda.gov,Female,74.50.218.203
Mitchael Dysert,Mitchael,Dysert,mdysertfx@indiatimes.com,Male,250.255.173.164
Oates Cristofori,Oates,Cristofori,ocristoforify@ow.ly,Male,74.31.240.124
Bale Rundle,Bale,Rundle,brundlefz@walmart.com,Male,148.83.81.34
Darcey Youles,Darcey,Youles,dyoulesg0@amazonaws.com,Female,71.173.238.238
Heall Smaile,Heall,Smaile,hsmaileg1@constantcontact.com,Male,172.223.119.169
Berny McFetridge,Berny,McFetridge,bmcfetridgeg2@cmu.edu,Female,14.108.68.99
Tiffany Darrigoe,Tiffany,Darrigoe,tdarrigoeg3@eepurl.com,Female,233.215.35.109
Johnna Bavister,Johnna,Bavister,jbavisterg4@tiny.cc,Female,157.52.0.132
Ophelie Soots,Ophelie,Soots,osootsg5@virginia.edu,Female,104.120.178.157
Caroljean Houdhury,Caroljean,Houdhury,choudhuryg6@networkadvertising.org,Female,246.74.4.192
Brook Iddens,Brook,Iddens,biddensg7@sphinn.com,Male,167.243.123.142
Cherish Aldcorne,Cherish,Aldcorne,caldcorneg8@weibo.com,Female,88.125.142.89
Cherice Mingauld,Cherice,Mingauld,cmingauldg9@sina.com.cn,Female,46.72.128.107
Moll Silvester,Moll,Silvester,msilvesterga@tinypic.com,Female,157.74.7.135
Rog Wimmers,Rog,Wimmers,rwimmersgb@creativecommons.org,Male,208.253.140.138
Shell Hatherley,Shell,Hatherley,shatherleygc@techcrunch.com,Female,217.190.64.165
Adah Jalland,Adah,Jalland,ajallandgd@upenn.edu,Female,128.230.150.159
Jarib Slark,Jarib,Slark,jslarkge@icq.com,Male,162.122.133.216
Coleman d'Escoffier,Coleman,d'Escoffier,cdescoffiergf@fastcompany.com,Male,44.53.44.103
Pauli Pieter,Pauli,Pieter,ppietergg@ow.ly,Female,124.131.113.23
Bogey Statersfield,Bogey,Statersfield,bstatersfieldgh@independent.co.uk,Male,134.153.59.166
Marcel Loveguard,Marcel,Loveguard,mloveguardgi@bravesites.com,Male,169.204.30.201
Chadd Marris,Chadd,Marris,cmarrisgj@surveymonkey.com,Male,220.81.126.0
Stephan Buglass,Stephan,Buglass,sbuglassgk@huffingtonpost.com,Male,171.173.39.98
Demott Willingale,Demott,Willingale,dwillingalegl@phoca.cz,Male,146.165.112.240
Alla Aasaf,Alla,Aasaf,aaasafgm@yale.edu,Female,27.201.81.219
Lenka Krolak,Lenka,Krolak,lkrolakgn@1688.com,Female,112.108.63.91
Zeke Moran,Zeke,Moran,zmorango@geocities.com,Male,82.55.110.172
Shurlocke Moppett,Shurlocke,Moppett,smoppettgp@about.com,Male,67.150.116.104
Thornie Beynke,Thornie,Beynke,tbeynkegq@addtoany.com,Male,214.52.47.47
Madeline Auten,Madeline,Auten,mautengr@sciencedirect.com,Female,147.171.11.150
Nike Ledrane,Nike,Ledrane,nledranegs@wikia.com,Female,233.185.136.157
Elwood Nuccitelli,Elwood,Nuccitelli,enuccitelligt@loc.gov,Male,159.233.176.126
Jakie Papworth,Jakie,Papworth,jpapworthgu@ucoz.com,Male,105.22.218.191
Tymothy Prenty,Tymothy,Prenty,tprentygv@nps.gov,Male,209.19.71.40
Violetta Skelhorn,Violetta,Skelhorn,vskelhorngw@washingtonpost.com,Female,249.194.69.88
Giff Rickson,Giff,Rickson,gricksongx@facebook.com,Male,171.112.91.171
Cull Vigers,Cull,Vigers,cvigersgy@t.co,Male,252.241.135.63
Rafaello Jennemann,Rafaello,Jennemann,rjennemanngz@bloomberg.com,Male,134.178.80.177
Johnathon Perazzo,Johnathon,Perazzo,jperazzoh0@admin.ch,Male,175.27.31.179
Olivia Stebbins,Olivia,Stebbins,ostebbinsh1@seesaa.net,Female,77.229.150.152
Tallie Brownstein,Tallie,Brownstein,tbrownsteinh2@unblog.fr,Male,124.171.193.229
Aile Rumbold,Aile,Rumbold,arumboldh3@cafepress.com,Female,136.39.3.176
Darda Frounks,Darda,Frounks,dfrounksh4@github.io,Female,218.109.9.112
Myrvyn Vannoni,Myrvyn,Vannoni,mvannonih5@dedecms.com,Male,220.229.55.33
Burch Storcke,Burch,Storcke,bstorckeh6@gnu.org,Male,134.154.37.167
Nicholle Hatrey,Nicholle,Hatrey,nhatreyh7@yahoo.com,Female,114.162.111.89
Zedekiah Whiteman,Zedekiah,Whiteman,zwhitemanh8@wordpress.org,Male,0.106.94.161
Pyotr Beamond,Pyotr,Beamond,pbeamondh9@nytimes.com,Male,99.21.204.150
Justinian Hagard,Justinian,Hagard,jhagardha@businessinsider.com,Male,123.64.203.223
Rees Lyard,Rees,Lyard,rlyardhb@dailymail.co.uk,Male,167.84.53.247
Carmela Vagg,Carmela,Vagg,cvagghc@issuu.com,Female,221.98.221.32
Archaimbaud Birchenhead,Archaimbaud,Birchenhead,abirchenheadhd@hostgator.com,Male,131.29.211.241
Rosmunda Pincked,Rosmunda,Pincked,rpinckedhe@house.gov,Female,70.147.12.141
Celinda Linton,Celinda,Linton,clintonhf@angelfire.com,Female,178.26.122.87
Harold Eccleston,Harold,Eccleston,hecclestonhg@globo.com,Male,112.23.135.7
Cori Oade,Cori,Oade,coadehh@narod.ru,Female,118.36.103.119
Averil Russ,Averil,Russ,arusshi@narod.ru,Female,157.190.89.102
Yancy Sands-Allan,Yancy,Sands-Allan,ysandsallanhj@xinhuanet.com,Male,29.224.157.11
Kiele Donovan,Kiele,Donovan,kdonovanhk@amazon.de,Female,70.17.156.230
Nalani Looker,Nalani,Looker,nlookerhl@newsvine.com,Female,33.92.155.38
Suzi Geoghegan,Suzi,Geoghegan,sgeogheganhm@google.com.au,Female,185.113.14.30
Horatius Giacovetti,Horatius,Giacovetti,hgiacovettihn@amazon.co.jp,Male,201.56.109.94
Philipa Abbatt,Philipa,Abbatt,pabbattho@nps.gov,Female,34.11.78.145
Tilda Paulton,Tilda,Paulton,tpaultonhp@stanford.edu,Female,73.30.93.160
Mason Ainsworth,Mason,Ainsworth,mainsworthhq@google.com.br,Male,74.75.65.228
Parry Loadwick,Parry,Loadwick,ploadwickhr@nature.com,Male,26.95.3.63
Zane Birdsall,Zane,Birdsall,zbirdsallhs@google.co.uk,Male,247.250.221.195
Hercules Nickerson,Hercules,Nickerson,hnickersonht@instagram.com,Male,183.171.18.7
Theresa Leyrroyd,Theresa,Leyrroyd,tleyrroydhu@answers.com,Female,208.32.246.71
Anitra Ambrogio,Anitra,Ambrogio,aambrogiohv@amazonaws.com,Female,47.103.183.140
Vidovik Ahlin,Vidovik,Ahlin,vahlinhw@about.me,Male,60.142.7.38
Karole Antoniazzi,Karole,Antoniazzi,kantoniazzihx@state.tx.us,Female,170.8.150.237
Valentine Gwynn,Valentine,Gwynn,vgwynnhy@google.com.hk,Female,211.217.169.188
Isabel Fullard,Isabel,Fullard,ifullardhz@vk.com,Female,11.107.142.245
Thorpe Tuhy,Thorpe,Tuhy,ttuhyi0@4shared.com,Male,151.147.240.106
Bud Daltry,Bud,Daltry,bdaltryi1@cnn.com,Male,51.114.142.66
Philbert Hutley,Philbert,Hutley,phutleyi2@constantcontact.com,Male,181.131.176.39
Matty Middlemist,Matty,Middlemist,mmiddlemisti3@economist.com,Male,108.167.83.141
Roselin Habbema,Roselin,Habbema,rhabbemai4@archive.org,Female,132.92.229.211
Pollyanna Bevan,Pollyanna,Bevan,pbevani5@auda.org.au,Female,151.102.83.61
Corrine Fairpo,Corrine,Fairpo,cfairpoi6@vimeo.com,Female,130.10.24.205
Donalt Tutill,Donalt,Tutill,dtutilli7@google.nl,Male,172.160.204.224
Dorisa Messruther,Dorisa,Messruther,dmessrutheri8@plala.or.jp,Female,231.91.58.108
Madonna Skittles,Madonna,Skittles,mskittlesi9@livejournal.com,Female,66.206.233.69
Gauthier Fauning,Gauthier,Fauning,gfauningia@4shared.com,Male,130.107.109.89
Ulberto Stouther,Ulberto,Stouther,ustoutherib@comcast.net,Male,75.135.166.141
Jessalyn Karpinski,Jessalyn,Karpinski,jkarpinskiic@photobucket.com,Female,238.139.84.185
Corenda Epton,Corenda,Epton,ceptonid@163.com,Female,87.4.176.95
Maryl Pionter,Maryl,Pionter,mpionterie@uol.com.br,Female,95.211.91.42
Ronald Menhci,Ronald,Menhci,rmenhciif@woothemes.com,Male,36.114.245.173
Theadora Polsin,Theadora,Polsin,tpolsinig@lulu.com,Female,40.109.15.242
Reinhard Raittie,Reinhard,Raittie,rraittieih@wufoo.com,Male,208.106.20.39
Jonas Barkway,Jonas,Barkway,jbarkwayii@ow.ly,Male,10.69.56.244
Irvin Wong,Irvin,Wong,iwongij@dropbox.com,Male,203.133.141.61
Sterling Paull,Sterling,Paull,spaullik@pagesperso-orange.fr,Male,198.28.117.126
Bel Barling,Bel,Barling,bbarlingil@ca.gov,Female,35.34.73.232
Sebastiano Swoffer,Sebastiano,Swoffer,sswofferim@jugem.jp,Male,25.21.187.72
Maybelle Kendall,Maybelle,Kendall,mkendallin@w3.org,Female,166.105.186.155
Thorny McGrah,Thorny,McGrah,tmcgrahio@redcross.org,Male,134.207.247.196
Yorke Lindberg,Yorke,Lindberg,ylindbergip@ted.com,Male,173.170.21.61
Karola Larroway,Karola,Larroway,klarrowayiq@oaic.gov.au,Female,38.60.230.54
Harcourt Sterre,Harcourt,Sterre,hsterreir@princeton.edu,Male,126.86.29.77
Aloin Spadotto,Aloin,Spadotto,aspadottois@cisco.com,Male,167.179.60.66
Killian Leeves,Killian,Leeves,kleevesit@posterous.com,Male,252.113.46.36
Basil Fane,Basil,Fane,bfaneiu@liveinternet.ru,Male,50.216.176.18
Kinny Piner,Kinny,Piner,kpineriv@acquirethisname.com,Male,129.6.151.85
Man Bolte,Man,Bolte,mbolteiw@nature.com,Male,156.20.61.162
Korey Ewols,Korey,Ewols,kewolsix@sitemeter.com,Male,125.79.138.10
Eleanore Faveryear,Eleanore,Faveryear,efaveryeariy@economist.com,Female,65.224.21.163
Cchaddie Seawright,Cchaddie,Seawright,cseawrightiz@theguardian.com,Male,209.232.216.165
Giavani Bryer,Giavani,Bryer,gbryerj0@unc.edu,Male,196.47.28.65
Corina Artin,Corina,Artin,cartinj1@icio.us,Female,10.91.134.180
Wylie Avis,Wylie,Avis,wavisj2@example.com,Male,82.12.77.92
Fredek Caines,Fredek,Caines,fcainesj3@admin.ch,Male,128.16.94.206
Renelle Cowley,Renelle,Cowley,rcowleyj4@digg.com,Female,38.100.15.36
Kass Ponder,Kass,Ponder,kponderj5@ustream.tv,Female,252.119.40.40
Harlene Castledine,Harlene,Castledine,hcastledinej6@amazon.co.uk,Female,146.204.51.18
Harrison Trembey,Harrison,Trembey,htrembeyj7@seattletimes.com,Male,214.208.3.140
Rufe Alejandri,Rufe,Alejandri,ralejandrij8@reference.com,Male,152.155.93.143
Rodney Lansley,Rodney,Lansley,rlansleyj9@wisc.edu,Male,184.227.163.123
Lelah Elam,Lelah,Elam,lelamja@tumblr.com,Female,186.195.149.162
Sheffield Maha,Sheffield,Maha,smahajb@blinklist.com,Male,94.242.176.166
Grissel Outibridge,Grissel,Outibridge,goutibridgejc@sakura.ne.jp,Female,193.104.201.42
Rees Rumford,Rees,Rumford,rrumfordjd@springer.com,Male,170.232.129.99
Jimmie Shakshaft,Jimmie,Shakshaft,jshakshaftje@npr.org,Male,79.165.27.125
Rowland Kamall,Rowland,Kamall,rkamalljf@home.pl,Male,174.70.19.3
Frayda Langstone,Frayda,Langstone,flangstonejg@discuz.net,Female,142.236.227.133
Hermia Myner,Hermia,Myner,hmynerjh@ted.com,Female,170.204.155.93
Ingaborg Criple,Ingaborg,Criple,icripleji@chron.com,Female,214.144.140.205
Colas Garrould,Colas,Garrould,cgarrouldjj@csmonitor.com,Male,1.227.4.195
Colleen Jellings,Colleen,Jellings,cjellingsjk@geocities.com,Female,121.2.76.188
Butch Whartonby,Butch,Whartonby,bwhartonbyjl@gnu.org,Male,32.19.235.200
Anetta Yearns,Anetta,Yearns,ayearnsjm@vk.com,Female,75.234.29.176
Willdon Leaver,Willdon,Leaver,wleaverjn@gnu.org,Male,224.184.184.149
Herta Nertney,Herta,Nertney,hnertneyjo@so-net.ne.jp,Female,225.140.73.35
Chicky Girardini,Chicky,Girardini,cgirardinijp@edublogs.org,Female,49.245.133.121
Ronnie Rebeiro,Ronnie,Rebeiro,rrebeirojq@bloglovin.com,Female,67.207.102.116
Helene Wakeford,Helene,Wakeford,hwakefordjr@toplist.cz,Female,87.134.34.67
Farrah Snelling,Farrah,Snelling,fsnellingjs@whitehouse.gov,Female,172.218.187.130
Netty Borzoni,Netty,Borzoni,nborzonijt@archive.org,Female,249.40.46.245
Edmund Jedrzejkiewicz,Edmund,Jedrzejkiewicz,ejedrzejkiewiczju@yale.edu,Male,7.113.122.141
Hugibert Iggo,Hugibert,Iggo,higgojv@fastcompany.com,Male,97.37.137.83
Archibald Rushford,Archibald,Rushford,arushfordjw@lycos.com,Male,201.206.106.5
Delcine Hardwick,Delcine,Hardwick,dhardwickjx@gov.uk,Female,57.235.25.7
Kingsly Fintoph,Kingsly,Fintoph,kfintophjy@bbb.org,Male,6.228.189.190
Jorgan Feasley,Jorgan,Feasley,jfeasleyjz@desdev.cn,Male,168.124.175.107
Michaelina Van den Hof,Michaelina,Van den Hof,mvank0@npr.org,Female,175.29.168.111
Lorri Meneghi,Lorri,Meneghi,lmeneghik1@webmd.com,Female,3.101.51.91
Yasmeen McCartney,Yasmeen,McCartney,ymccartneyk2@indiegogo.com,Female,87.187.204.14
Persis Stuer,Persis,Stuer,pstuerk3@reddit.com,Female,221.73.246.197
Allison Labden,Allison,Labden,alabdenk4@fda.gov,Female,220.7.3.170
Neely Gladstone,Neely,Gladstone,ngladstonek5@barnesandnoble.com,Female,246.131.236.144
Danie Hurdle,Danie,Hurdle,dhurdlek6@nifty.com,Male,33.207.32.229
Shayna Eddowis,Shayna,Eddowis,seddowisk7@edublogs.org,Female,156.38.234.109
Meredithe Rosewall,Meredithe,Rosewall,mrosewallk8@slideshare.net,Female,182.78.246.87
Pru Whitlock,Pru,Whitlock,pwhitlockk9@altervista.org,Female,100.226.170.104
Larry Foxall,Larry,Foxall,lfoxallka@google.cn,Male,23.100.89.202
Odelle Bussy,Odelle,Bussy,obussykb@amazon.de,Female,229.51.24.154
Gay Roubottom,Gay,Roubottom,groubottomkc@bloglines.com,Female,242.173.31.216
Ogdon Plewes,Ogdon,Plewes,opleweskd@bizjournals.com,Male,158.18.75.182
Beverie Gowan,Beverie,Gowan,bgowanke@twitter.com,Female,16.94.226.51
Farrand Casacchia,Farrand,Casacchia,fcasacchiakf@soundcloud.com,Female,57.253.26.193
Arne Robelin,Arne,Robelin,arobelinkg@list-manage.com,Male,223.12.243.113
Linda Whiffen,Linda,Whiffen,lwhiffenkh@blogger.com,Female,117.133.132.233
Stephannie Giovannini,Stephannie,Giovannini,sgiovanniniki@reddit.com,Female,229.183.94.199
Jimmy Pestricke,Jimmy,Pestricke,jpestrickekj@cargocollective.com,Male,56.221.119.35
Rochette Warnock,Rochette,Warnock,rwarnockkk@google.es,Female,8.102.41.247
Barbette Studholme,Barbette,Studholme,bstudholmekl@latimes.com,Female,141.231.15.18
Nady Billyeald,Nady,Billyeald,nbillyealdkm@facebook.com,Female,176.130.75.254
Sheridan Simons,Sheridan,Simons,ssimonskn@ebay.com,Male,35.123.157.125
Leroi Willment,Leroi,Willment,lwillmentko@drupal.org,Male,121.185.121.66
Devland Haestier,Devland,Haestier,dhaestierkp@eepurl.com,Male,55.34.50.85
Tania Dowdeswell,Tania,Dowdeswell,tdowdeswellkq@spiegel.de,Female,65.161.227.10
Renie Gasperi,Renie,Gasperi,rgasperikr@ucsd.edu,Female,222.46.229.187
Charisse Zupa,Charisse,Zupa,czupaks@cnbc.com,Female,158.30.133.62
Sampson Boden,Sampson,Boden,sbodenkt@ihg.com,Male,173.11.157.52
Ignatius Munkley,Ignatius,Munkley,imunkleyku@dailymotion.com,Male,145.56.252.193
June Taffee,June,Taffee,jtaffeekv@goodreads.com,Female,27.61.24.206
Jillene Heasman,Jillene,Heasman,jheasmankw@home.pl,Female,24.33.250.22
Trenton MacAnelley,Trenton,MacAnelley,tmacanelleykx@oakley.com,Male,7.207.218.123
Joella Whenman,Joella,Whenman,jwhenmanky@cargocollective.com,Female,252.88.38.163
Hana Perche,Hana,Perche,hperchekz@uiuc.edu,Female,176.244.132.101
Moe Mutimer,Moe,Mutimer,mmutimerl0@photobucket.com,Male,104.131.90.193
Desmund Gibbetts,Desmund,Gibbetts,dgibbettsl1@constantcontact.com,Male,235.71.122.79
Michell Vasiliu,Michell,Vasiliu,mvasiliul2@sakura.ne.jp,Female,236.211.76.123
Shaylyn Howell,Shaylyn,Howell,showelll3@who.int,Female,246.55.47.117
Jacquelyn DelaField,Jacquelyn,DelaField,jdelafieldl4@biblegateway.com,Female,46.79.173.59
Mandi Titcomb,Mandi,Titcomb,mtitcombl5@plala.or.jp,Female,208.114.106.56
Doralynne Kelsall,Doralynne,Kelsall,dkelsalll6@posterous.com,Female,19.235.89.184
Obadiah Gookey,Obadiah,Gookey,ogookeyl7@woothemes.com,Male,184.42.60.123
Fergus Danneil,Fergus,Danneil,fdanneill8@washington.edu,Male,4.201.93.74
Anna-diana Lyster,Anna-diana,Lyster,alysterl9@cbc.ca,Female,85.160.213.19
Rafaello Flowith,Rafaello,Flowith,rflowithla@netvibes.com,Male,173.93.154.43
Dorothee D'Alwis,Dorothee,D'Alwis,ddalwislb@ebay.com,Female,140.12.174.239
Georgena Sposito,Georgena,Sposito,gspositolc@is.gd,Female,153.237.201.172
Willetta Arthy,Willetta,Arthy,warthyld@macromedia.com,Female,65.130.14.85
Ame McBride,Ame,McBride,amcbridele@oakley.com,Female,212.71.161.118
Charisse Pury,Charisse,Pury,cpurylf@sciencedaily.com,Female,186.180.42.166
Wandie Wind,Wandie,Wind,wwindlg@harvard.edu,Female,22.192.68.232
Timothy Rennels,Timothy,Rennels,trennelslh@feedburner.com,Male,103.4.141.182
Spenser Spours,Spenser,Spours,sspoursli@bluehost.com,Male,185.106.110.53
Jeromy Sommerly,Jeromy,Sommerly,jsommerlylj@macromedia.com,Male,76.175.219.249
Brigg Isworth,Brigg,Isworth,bisworthlk@nbcnews.com,Male,187.34.164.3
Rollin Garred,Rollin,Garred,rgarredll@topsy.com,Male,114.178.10.67
Carena Foxall,Carena,Foxall,cfoxalllm@zdnet.com,Female,109.21.222.232
Niles Elgie,Niles,Elgie,nelgieln@gizmodo.com,Male,150.3.175.185
Christa Cash,Christa,Cash,ccashlo@naver.com,Female,98.129.245.221
Timoteo Zwicker,Timoteo,Zwicker,tzwickerlp@irs.gov,Male,207.225.145.121
Creigh Attenbrow,Creigh,Attenbrow,cattenbrowlq@ezinearticles.com,Male,57.44.231.243
Cristen Fenners,Cristen,Fenners,cfennerslr@adobe.com,Female,130.104.55.39
Minnnie Canavan,Minnnie,Canavan,mcanavanls@nydailynews.com,Female,88.87.177.13
Shelden Jorioz,Shelden,Jorioz,sjoriozlt@woothemes.com,Male,149.88.237.230
Meredithe McDougle,Meredithe,McDougle,mmcdouglelu@huffingtonpost.com,Female,176.144.41.19
Urson Mattys,Urson,Mattys,umattyslv@paypal.com,Male,182.25.232.97
Lynnea Prestedge,Lynnea,Prestedge,lprestedgelw@g.co,Female,202.37.79.207
Samson Warcup,Samson,Warcup,swarcuplx@instagram.com,Male,42.146.102.121
Jerry Lindwasser,Jerry,Lindwasser,jlindwasserly@hud.gov,Male,136.223.100.141
Fawn Skillett,Fawn,Skillett,fskillettlz@digg.com,Female,2.20.132.62
Inglis Birtley,Inglis,Birtley,ibirtleym0@ftc.gov,Male,239.237.77.86
Vern Hanselman,Vern,Hanselman,vhanselmanm1@cargocollective.com,Male,47.0.7.181
Jada Avrahamof,Jada,Avrahamof,javrahamofm2@cnn.com,Female,240.106.229.62
Vinnie MacCambridge,Vinnie,MacCambridge,vmaccambridgem3@wp.com,Male,254.233.225.248
Tiffie Slyde,Tiffie,Slyde,tslydem4@bbb.org,Female,150.232.14.61
Odo Lutman,Odo,Lutman,olutmanm5@theguardian.com,Male,193.147.231.126
Anderea Kingescot,Anderea,Kingescot,akingescotm6@hao123.com,Female,13.88.51.45
Berry Iozefovich,Berry,Iozefovich,biozefovichm7@amazon.de,Female,49.244.67.59
Adair Turbitt,Adair,Turbitt,aturbittm8@netvibes.com,Male,251.180.172.167
Jakob Bealing,Jakob,Bealing,jbealingm9@cloudflare.com,Male,182.172.85.59
Emmaline Dimelow,Emmaline,Dimelow,edimelowma@tiny.cc,Female,81.158.131.201
Yorke Braikenridge,Yorke,Braikenridge,ybraikenridgemb@imdb.com,Male,192.43.79.25
Hersh Scrowson,Hersh,Scrowson,hscrowsonmc@tuttocitta.it,Male,166.122.58.85
Christian Noden,Christian,Noden,cnodenmd@zdnet.com,Female,170.62.20.172
Eleanor Mulhall,Eleanor,Mulhall,emulhallme@tuttocitta.it,Female,233.112.184.152
Trace Counihan,Trace,Counihan,tcounihanmf@nationalgeographic.com,Male,185.55.199.92
Keeley Dearsley,Keeley,Dearsley,kdearsleymg@usda.gov,Female,50.188.29.185
Essy Agius,Essy,Agius,eagiusmh@php.net,Female,44.226.7.29
Gardner Roselli,Gardner,Roselli,grosellimi@simplemachines.org,Male,192.60.29.64
Montague Oles,Montague,Oles,molesmj@github.io,Male,176.106.237.148
Liane Guillet,Liane,Guillet,lguilletmk@mac.com,Female,8.99.1.190
Brooke Belk,Brooke,Belk,bbelkml@ox.ac.uk,Female,138.207.222.18
Willow Harget,Willow,Harget,whargetmm@ebay.co.uk,Female,197.20.56.160
Paulo Braunter,Paulo,Braunter,pbrauntermn@slashdot.org,Male,100.207.133.242
Ephraim Silkston,Ephraim,Silkston,esilkstonmo@sitemeter.com,Male,179.160.161.163
Engelbert Shambrooke,Engelbert,Shambrooke,eshambrookemp@hhs.gov,Male,214.219.52.118
Harli Neary,Harli,Neary,hnearymq@about.me,Female,152.132.129.110
Aurilia Bidewell,Aurilia,Bidewell,abidewellmr@ucsd.edu,Female,8.51.252.83
Alane Beadnall,Alane,Beadnall,abeadnallms@cdbaby.com,Female,179.216.103.241
Salvador Hyde-Chambers,Salvador,Hyde-Chambers,shydechambersmt@hud.gov,Male,186.21.173.17
Gifford Winterson,Gifford,Winterson,gwintersonmu@ask.com,Male,136.26.94.192
Armin Beartup,Armin,Beartup,abeartupmv@constantcontact.com,Male,81.98.41.232
Penny Glass,Penny,Glass,pglassmw@fastcompany.com,Male,108.204.212.114
Carley Odgaard,Carley,Odgaard,codgaardmx@privacy.gov.au,Female,122.163.181.128
Lilyan Stocking,Lilyan,Stocking,lstockingmy@de.vu,Female,212.214.67.140
Templeton Dawley,Templeton,Dawley,tdawleymz@dailymotion.com,Male,228.99.158.200
Collette Bargery,Collette,Bargery,cbargeryn0@berkeley.edu,Female,232.124.137.81
Heall Scourgie,Heall,Scourgie,hscourgien1@guardian.co.uk,Male,14.195.118.152
Adelaide Kernaghan,Adelaide,Kernaghan,akernaghann2@google.nl,Female,4.45.31.0
Lane Hackworth,Lane,Hackworth,lhackworthn3@ucoz.ru,Female,35.125.249.163
Minetta Shorto,Minetta,Shorto,mshorton4@wix.com,Female,6.57.81.219
Rhonda Etchell,Rhonda,Etchell,retchelln5@unc.edu,Female,62.58.99.180
Albertine Pont,Albertine,Pont,apontn6@berkeley.edu,Female,159.86.148.108
Jocelyn Kisbey,Jocelyn,Kisbey,jkisbeyn7@patch.com,Female,156.160.57.153
Burty Hamelyn,Burty,Hamelyn,bhamelynn8@ucla.edu,Male,152.163.198.184
Kania Shanks,Kania,Shanks,kshanksn9@yellowbook.com,Female,244.13.55.65
Edd Harmond,Edd,Harmond,eharmondna@mediafire.com,Male,23.59.158.224
Fayina Brennand,Fayina,Brennand,fbrennandnb@blogtalkradio.com,Female,235.64.38.186
Mair Browett,Mair,Browett,mbrowettnc@creativecommons.org,Female,252.32.214.244
Ronny Kennea,Ronny,Kennea,rkenneand@usatoday.com,Female,140.109.94.73
Wheeler Ghidotti,Wheeler,Ghidotti,wghidottine@uol.com.br,Male,35.159.190.113
Hyman Rolingson,Hyman,Rolingson,hrolingsonnf@washington.edu,Male,177.216.181.106
Carey Rubert,Carey,Rubert,crubertng@eventbrite.com,Female,85.249.88.28
Lee Ravillas,Lee,Ravillas,lravillasnh@gnu.org,Female,144.76.173.160
Anabelle Krelle,Anabelle,Krelle,akrelleni@businessinsider.com,Female,76.48.23.161
Cris Bennough,Cris,Bennough,cbennoughnj@seesaa.net,Female,216.253.142.36
Meg Tine,Meg,Tine,mtinenk@discovery.com,Female,97.248.161.135
Mellisent Sheepy,Mellisent,Sheepy,msheepynl@cmu.edu,Female,37.131.176.251
Maxi Waterhouse,Maxi,Waterhouse,mwaterhousenm@sina.com.cn,Female,146.3.155.230
Shelia Ledwich,Shelia,Ledwich,sledwichnn@ucla.edu,Female,148.202.73.8
Yelena Blagburn,Yelena,Blagburn,yblagburnno@people.com.cn,Female,75.241.255.195
Doralynne Dana,Doralynne,Dana,ddananp@symantec.com,Female,155.150.198.75
Tedi Pandya,Tedi,Pandya,tpandyanq@ucla.edu,Female,133.250.145.87
Johannah Draycott,Johannah,Draycott,jdraycottnr@techcrunch.com,Female,86.47.202.175
Silvan Fidge,Silvan,Fidge,sfidgens@alexa.com,Male,144.144.30.38
Candi Conechie,Candi,Conechie,cconechient@vimeo.com,Female,205.82.164.159
Brandi Wildish,Brandi,Wildish,bwildishnu@bloomberg.com,Female,31.191.9.152
Minnaminnie Biagioni,Minnaminnie,Biagioni,mbiagioninv@cornell.edu,Female,156.135.226.115
Way Royden,Way,Royden,wroydennw@cbsnews.com,Male,195.78.12.57
Kandy Peare,Kandy,Peare,kpearenx@yolasite.com,Female,104.225.89.232
Elissa Pendergast,Elissa,Pendergast,ependergastny@printfriendly.com,Female,61.246.241.183
Sheilakathryn Monshall,Sheilakathryn,Monshall,smonshallnz@vk.com,Female,38.165.42.0
Kylila Collip,Kylila,Collip,kcollipo0@xing.com,Female,185.68.66.86
Joela Priestner,Joela,Priestner,jpriestnero1@wikia.com,Female,70.209.201.64
Hubie Braley,Hubie,Braley,hbraleyo2@storify.com,Male,28.28.44.5
Alicia Ciccarelli,Alicia,Ciccarelli,aciccarellio3@netvibes.com,Female,191.76.19.138
Florrie Songhurst,Florrie,Songhurst,fsonghursto4@51.la,Female,113.140.184.78
Demott Muncie,Demott,Muncie,dmuncieo5@zdnet.com,Male,3.91.29.116
Cristina Kefford,Cristina,Kefford,ckeffordo6@webs.com,Female,211.210.28.155
Wat Jeacocke,Wat,Jeacocke,wjeacockeo7@typepad.com,Male,182.173.229.199
Courtney Rickwood,Courtney,Rickwood,crickwoodo8@youtube.com,Male,98.124.23.252
Rebecca Scroyton,Rebecca,Scroyton,rscroytono9@lycos.com,Female,215.46.91.162
Zane Itzig,Zane,Itzig,zitzigoa@kickstarter.com,Male,155.226.1.10
Jarib Matthessen,Jarib,Matthessen,jmatthessenob@vk.com,Male,185.157.5.24
Salmon Patton,Salmon,Patton,spattonoc@cocolog-nifty.com,Male,207.196.63.41
Andrea Sauvage,Andrea,Sauvage,asauvageod@163.com,Female,128.197.149.118
Rona McCandie,Rona,McCandie,rmccandieoe@feedburner.com,Female,218.228.241.71
Carmita Douch,Carmita,Douch,cdouchof@weebly.com,Female,138.106.123.162
Mavra Pourvoieur,Mavra,Pourvoieur,mpourvoieurog@hibu.com,Female,29.230.135.72
Sara-ann Kernar,Sara-ann,Kernar,skernaroh@admin.ch,Female,160.11.205.54
Zorana Vickars,Zorana,Vickars,zvickarsoi@nps.gov,Female,176.252.183.59
Lucius MacKill,Lucius,MacKill,lmackilloj@soundcloud.com,Male,54.222.199.227
Doug Rossi,Doug,Rossi,drossiok@disqus.com,Male,141.64.93.147
Der Ridehalgh,Der,Ridehalgh,dridehalghol@globo.com,Male,66.99.224.24
Hewe Belton,Hewe,Belton,hbeltonom@canalblog.com,Male,24.202.94.169
Dirk Postins,Dirk,Postins,dpostinson@blinklist.com,Male,151.236.121.15
Celine Panther,Celine,Panther,cpantheroo@unesco.org,Female,123.210.102.255
Joseito Boyen,Joseito,Boyen,jboyenop@last.fm,Male,237.250.196.97
Luke Blondell,Luke,Blondell,lblondelloq@harvard.edu,Male,119.246.45.152
Randee Grigoletti,Randee,Grigoletti,rgrigolettior@amazon.co.uk,Female,145.254.234.67
Zacharie Ysson,Zacharie,Ysson,zyssonos@epa.gov,Male,84.50.138.180
Halimeda Dunckley,Halimeda,Dunckley,hdunckleyot@nps.gov,Female,204.67.186.37
Leila Dobsons,Leila,Dobsons,ldobsonsou@spotify.com,Female,163.142.197.16
Roseanna Burwell,Roseanna,Burwell,rburwellov@fotki.com,Female,98.214.215.229
Amalita Keningham,Amalita,Keningham,akeninghamow@google.co.uk,Female,219.209.46.226
Doloritas Huntingdon,Doloritas,Huntingdon,dhuntingdonox@macromedia.com,Female,255.14.229.198
Syman Bruckent,Syman,Bruckent,sbruckentoy@arstechnica.com,Male,212.46.78.32
Annabell Sames,Annabell,Sames,asamesoz@europa.eu,Female,71.39.177.187
Feodor Orkney,Feodor,Orkney,forkneyp0@uiuc.edu,Male,77.167.110.212
Cybil Bartolomucci,Cybil,Bartolomucci,cbartolomuccip1@ycombinator.com,Female,187.228.58.69
Dorita Eschalette,Dorita,Eschalette,deschalettep2@blogspot.com,Female,202.211.54.22
Roddie Weyman,Roddie,Weyman,rweymanp3@toplist.cz,Male,246.51.217.23
Ross Peer,Ross,Peer,rpeerp4@unicef.org,Male,237.82.36.127
Raffaello Worms,Raffaello,Worms,rwormsp5@fotki.com,Male,74.81.253.199
Dianemarie Austwick,Dianemarie,Austwick,daustwickp6@dropbox.com,Female,29.94.98.108
Reinhard Rozet,Reinhard,Rozet,rrozetp7@tumblr.com,Male,201.173.30.103
Lou Danilchik,Lou,Danilchik,ldanilchikp8@amazon.co.uk,Female,106.6.14.18
Lindsay Nettleship,Lindsay,Nettleship,lnettleshipp9@sciencedaily.com,Female,200.85.95.222
Jaquelin Maron,Jaquelin,Maron,jmaronpa@surveymonkey.com,Female,67.205.209.104
Manolo Moine,Manolo,Moine,mmoinepb@nps.gov,Male,212.69.80.238
Frederico Python,Frederico,Python,fpythonpc@npr.org,Male,201.102.242.141
Rachael Petraitis,Rachael,Petraitis,rpetraitispd@technorati.com,Female,45.54.155.205
Rhetta Tows,Rhetta,Tows,rtowspe@google.pl,Female,145.195.228.59
Harlen Wase,Harlen,Wase,hwasepf@lycos.com,Male,210.96.44.198
Alic Vasilischev,Alic,Vasilischev,avasilischevpg@indiegogo.com,Male,106.208.134.29
Myrtia Galvan,Myrtia,Galvan,mgalvanph@ezinearticles.com,Female,48.159.108.70
Ellynn Skipsea,Ellynn,Skipsea,eskipseapi@vimeo.com,Female,235.149.30.189
Gaston Kassman,Gaston,Kassman,gkassmanpj@uol.com.br,Male,47.61.185.197
Sandi Cuppleditch,Sandi,Cuppleditch,scuppleditchpk@kickstarter.com,Female,104.92.40.116
Brannon Whetnell,Brannon,Whetnell,bwhetnellpl@opera.com,Male,29.98.48.242
Hale Loughead,Hale,Loughead,hlougheadpm@paypal.com,Male,10.42.28.94
Rosabelle Hanssmann,Rosabelle,Hanssmann,rhanssmannpn@ycombinator.com,Female,204.89.77.163
Lyndell Brereton,Lyndell,Brereton,lbreretonpo@dailymotion.com,Female,48.38.106.46
Alina Dewicke,Alina,Dewicke,adewickepp@dagondesign.com,Female,46.226.198.12
Fonsie Yerby,Fonsie,Yerby,fyerbypq@ed.gov,Male,6.48.138.85
Wittie Castellini,Wittie,Castellini,wcastellinipr@jugem.jp,Male,144.128.141.234
Aime Markus,Aime,Markus,amarkusps@nba.com,Female,221.46.106.128
Petunia Bennallck,Petunia,Bennallck,pbennallckpt@nih.gov,Female,6.162.174.5
Billie Nisen,Billie,Nisen,bnisenpu@npr.org,Female,141.76.120.152
Florida O'Looney,Florida,O'Looney,folooneypv@bbc.co.uk,Female,133.78.185.240
Michaelina Vitler,Michaelina,Vitler,mvitlerpw@livejournal.com,Female,12.82.229.124
Ford Meaden,Ford,Meaden,fmeadenpx@si.edu,Male,59.169.245.16
Lynett Denison,Lynett,Denison,ldenisonpy@ifeng.com,Female,192.107.155.56
Mendie Bridewell,Mendie,Bridewell,mbridewellpz@umn.edu,Male,21.90.17.148
Henrie Hoy,Henrie,Hoy,hhoyq0@yahoo.com,Female,203.142.208.32
Bogey Laurant,Bogey,Laurant,blaurantq1@godaddy.com,Male,117.228.70.147
Lacey Arington,Lacey,Arington,laringtonq2@cpanel.net,Female,38.37.126.191
Findley Bennen,Findley,Bennen,fbennenq3@bizjournals.com,Male,189.104.6.68
Shir Caberas,Shir,Caberas,scaberasq4@wunderground.com,Female,174.65.229.9
Alida Symondson,Alida,Symondson,asymondsonq5@multiply.com,Female,231.73.122.101
Clare Crenshaw,Clare,Crenshaw,ccrenshawq6@surveymonkey.com,Male,132.232.89.237
Sean Cuffley,Sean,Cuffley,scuffleyq7@theglobeandmail.com,Female,44.165.69.213
Jesus Shipsey,Jesus,Shipsey,jshipseyq8@issuu.com,Male,239.95.71.64
Brent Mapledorum,Brent,Mapledorum,bmapledorumq9@unicef.org,Male,206.226.229.124
Ingar McCallum,Ingar,McCallum,imccallumqa@cisco.com,Male,42.73.249.117
Carie Stodd,Carie,Stodd,cstoddqb@nps.gov,Female,58.127.84.28
Alonzo Crossgrove,Alonzo,Crossgrove,acrossgroveqc@mozilla.com,Male,236.31.32.23
Hersh Croan,Hersh,Croan,hcroanqd@hc360.com,Male,189.186.227.57
Juli Humm,Juli,Humm,jhummqe@amazon.com,Female,68.138.109.179
Livvyy Kearford,Livvyy,Kearford,lkearfordqf@unblog.fr,Female,196.214.53.193
Bret Dufton,Bret,Dufton,bduftonqg@unblog.fr,Male,213.196.177.25
Audrye Rawcliff,Audrye,Rawcliff,arawcliffqh@flavors.me,Female,54.45.6.150
Worth Hause,Worth,Hause,whauseqi@abc.net.au,Male,215.177.153.222
Prue Kirtley,Prue,Kirtley,pkirtleyqj@ebay.co.uk,Female,59.174.234.188
Amabel Abramzon,Amabel,Abramzon,aabramzonqk@wix.com,Female,192.20.190.39
Fanny Haswall,Fanny,Haswall,fhaswallql@prlog.org,Female,16.35.31.182
Brok Furby,Brok,Furby,bfurbyqm@networksolutions.com,Male,177.241.49.174
Ignatius Sedgeworth,Ignatius,Sedgeworth,isedgeworthqn@google.es,Male,101.52.58.70
Elianore Gonoude,Elianore,Gonoude,egonoudeqo@infoseek.co.jp,Female,62.29.207.223
Allayne Rose,Allayne,Rose,aroseqp@weibo.com,Male,250.201.242.94
Alwyn Packman,Alwyn,Packman,apackmanqq@unesco.org,Male,169.11.193.4
Timothy Blackaby,Timothy,Blackaby,tblackabyqr@smh.com.au,Male,34.248.234.45
Petr Stopps,Petr,Stopps,pstoppsqs@tamu.edu,Male,158.107.24.218
Sampson Gordge,Sampson,Gordge,sgordgeqt@dot.gov,Male,86.160.141.7
Joanne Cardus,Joanne,Cardus,jcardusqu@live.com,Female,169.180.95.203
Lonee Speere,Lonee,Speere,lspeereqv@php.net,Female,125.246.126.215
Ollie McHarry,Ollie,McHarry,omcharryqw@prlog.org,Male,11.239.141.124
Katinka Lawlan,Katinka,Lawlan,klawlanqx@hao123.com,Female,247.238.93.188
Eden Lethibridge,Eden,Lethibridge,elethibridgeqy@sakura.ne.jp,Female,176.235.248.98
Fianna Willis,Fianna,Willis,fwillisqz@abc.net.au,Female,87.25.23.213
Zerk Eddis,Zerk,Eddis,zeddisr0@nba.com,Male,189.83.132.172
Rhys Simmell,Rhys,Simmell,rsimmellr1@alibaba.com,Male,22.34.76.221
Zonnya Gallifont,Zonnya,Gallifont,zgallifontr2@irs.gov,Female,202.90.254.75
Rossy Gerssam,Rossy,Gerssam,rgerssamr3@dropbox.com,Male,235.180.155.91
Calv Georgel,Calv,Georgel,cgeorgelr4@alibaba.com,Male,105.163.170.178
Tadio Fearnall,Tadio,Fearnall,tfearnallr5@usgs.gov,Male,40.132.215.191
Deane Trevithick,Deane,Trevithick,dtrevithickr6@princeton.edu,Male,202.32.67.2
Munroe Gillcrist,Munroe,Gillcrist,mgillcristr7@wufoo.com,Male,209.27.21.142
Giorgio Sellack,Giorgio,Sellack,gsellackr8@ucoz.ru,Male,124.230.57.109
Daphene Harmant,Daphene,Harmant,dharmantr9@cloudflare.com,Female,217.176.117.54
Lilah Canner,Lilah,Canner,lcannerra@facebook.com,Female,219.143.57.0
Filberto Calf,Filberto,Calf,fcalfrb@flavors.me,Male,105.92.29.118
Joyann Kendall,Joyann,Kendall,jkendallrc@businessinsider.com,Female,218.81.57.13
Marti Ramelet,Marti,Ramelet,mrameletrd@ft.com,Female,216.49.241.101
Delbert Rolingson,Delbert,Rolingson,drolingsonre@google.pl,Male,206.90.183.14
Celesta Bathurst,Celesta,Bathurst,cbathurstrf@rambler.ru,Female,112.190.2.23
Brett Lowdwell,Brett,Lowdwell,blowdwellrg@apache.org,Female,82.105.62.13
Emyle Beasley,Emyle,Beasley,ebeasleyrh@youku.com,Female,225.193.56.89
Nikolai Jossum,Nikolai,Jossum,njossumri@clickbank.net,Male,156.187.139.227
Suellen Ledgerton,Suellen,Ledgerton,sledgertonrj@paginegialle.it,Female,195.84.80.20
Riva Eakly,Riva,Eakly,reaklyrk@japanpost.jp,Female,0.58.41.96
Sheffield Bodycote,Sheffield,Bodycote,sbodycoterl@wiley.com,Male,48.232.242.211
Carmela Scullard,Carmela,Scullard,cscullardrm@squidoo.com,Female,151.250.89.248
Rowena Halfacree,Rowena,Halfacree,rhalfacreern@dot.gov,Female,30.189.13.245
Cristiano Scarce,Cristiano,Scarce,cscarcero@mail.ru,Male,239.59.56.177
Kellen Burbank,Kellen,Burbank,kburbankrp@fc2.com,Female,25.195.109.132
Katherine Simenel,Katherine,Simenel,ksimenelrq@meetup.com,Female,205.198.80.243
Jacquelynn Soars,Jacquelynn,Soars,jsoarsrr@accuweather.com,Female,143.134.177.105
