id,first_name,last_name,email,gender,ip_address
Morry Oger,Morry,Oger,moger0@nsw.gov.au,Male,37.99.87.245
Major Rottgers,Major,Rottgers,mrottgers1@netlog.com,Male,233.116.242.85
Lottie Cullington,Lottie,Cullington,lcullington2@si.edu,Female,174.175.144.142
Elston Wildt,Elston,Wildt,ewildt3@marriott.com,Male,194.95.51.79
Alwin Jameson,Alwin,Jameson,ajameson4@go.com,Male,151.181.242.77
Lanita Ubsdell,Lanita,Ubsdell,lubsdell5@youtu.be,Female,41.191.49.96
Gordie Guntrip,Gordie,Guntrip,gguntrip6@answers.com,Male,13.11.131.61
Randal Yewdall,Randal,Yewdall,ryewdall7@eventbrite.com,Male,185.7.7.37
Essie Boxall,Essie,Boxall,eboxall8@bbc.co.uk,Female,83.29.111.121
Gardener Letherbury,Gardener,Letherbury,gletherbury9@blog.com,Male,208.204.54.33
Nettie Workes,Nettie,Workes,nworkesa@vimeo.com,Female,118.183.201.199
Ida Jaksic,Ida,Jaksic,ijaksicb@youtu.be,Female,191.232.20.50
Claybourne Mattholie,Claybourne,Mattholie,cmattholiec@csmonitor.com,Male,136.105.139.152
Mahalia Baggallay,Mahalia,Baggallay,mbaggallayd@dot.gov,Female,13.125.20.35
Ode Margrie,Ode,Margrie,omargriee@barnesandnoble.com,Male,212.184.27.111
Cortie Kobelt,Cortie,Kobelt,ckobeltf@pbs.org,Male,227.127.28.71
Euell D'Angeli,Euell,D'Angeli,edangelig@free.fr,Male,104.28.223.159
Maurice Soames,Maurice,Soames,msoamesh@tumblr.com,Male,99.92.102.241
Avrom Luetkemeyer,Avrom,Luetkemeyer,aluetkemeyeri@posterous.com,Male,48.63.118.175